-- MySQL dump 10.13  Distrib 8.0.23, for Linux (x86_64)
--
-- Host: localhost    Database: vk
-- ------------------------------------------------------
-- Server version	8.0.23-0ubuntu0.20.04.1

/*!40101 SET @OLD_CHARACTER_SET_CLIENT=@@CHARACTER_SET_CLIENT */;
/*!40101 SET @OLD_CHARACTER_SET_RESULTS=@@CHARACTER_SET_RESULTS */;
/*!40101 SET @OLD_COLLATION_CONNECTION=@@COLLATION_CONNECTION */;
/*!50503 SET NAMES utf8mb4 */;
/*!40103 SET @OLD_TIME_ZONE=@@TIME_ZONE */;
/*!40103 SET TIME_ZONE='+00:00' */;
/*!40014 SET @OLD_UNIQUE_CHECKS=@@UNIQUE_CHECKS, UNIQUE_CHECKS=0 */;
/*!40014 SET @OLD_FOREIGN_KEY_CHECKS=@@FOREIGN_KEY_CHECKS, FOREIGN_KEY_CHECKS=0 */;
/*!40101 SET @OLD_SQL_MODE=@@SQL_MODE, SQL_MODE='NO_AUTO_VALUE_ON_ZERO' */;
/*!40111 SET @OLD_SQL_NOTES=@@SQL_NOTES, SQL_NOTES=0 */;

--
-- Table structure for table `communities`
--

DROP TABLE IF EXISTS `communities`;
/*!40101 SET @saved_cs_client     = @@character_set_client */;
/*!50503 SET character_set_client = utf8mb4 */;
CREATE TABLE `communities` (
  `id` int unsigned NOT NULL AUTO_INCREMENT COMMENT 'Идентификатор сроки',
  `name` varchar(150) NOT NULL COMMENT 'Название группы',
  `created_at` datetime DEFAULT CURRENT_TIMESTAMP COMMENT 'Время создания строки',
  `updated_at` datetime DEFAULT CURRENT_TIMESTAMP ON UPDATE CURRENT_TIMESTAMP COMMENT 'Время обновления строки',
  PRIMARY KEY (`id`),
  UNIQUE KEY `name` (`name`)
) ENGINE=InnoDB AUTO_INCREMENT=43 DEFAULT CHARSET=utf8mb4 COLLATE=utf8mb4_0900_ai_ci COMMENT='Группы';
/*!40101 SET character_set_client = @saved_cs_client */;

--
-- Dumping data for table `communities`
--

LOCK TABLES `communities` WRITE;
/*!40000 ALTER TABLE `communities` DISABLE KEYS */;
INSERT INTO `communities` VALUES (1,'debitis','2015-12-19 20:26:19','1974-03-20 04:28:19'),(2,'laborum','1985-12-12 10:15:14','1979-10-10 04:06:56'),(3,'dolorem','2011-02-28 12:03:25','2012-05-06 01:14:28'),(4,'non','1979-08-26 11:13:22','1987-05-02 20:28:14'),(5,'fuga','1988-01-06 22:24:10','1999-07-22 19:56:34'),(6,'et','1975-05-08 03:56:00','2001-04-15 20:37:15'),(7,'doloribus','1984-04-28 09:53:56','1984-08-29 06:40:09'),(8,'temporibus','1995-10-15 15:34:08','1999-06-30 09:25:59'),(9,'molestiae','2015-11-16 00:38:03','1978-11-26 10:44:45'),(10,'enim','1970-12-27 20:15:34','1991-02-12 22:37:59'),(11,'reprehenderit','2010-09-28 06:42:05','2017-08-23 05:55:43'),(12,'qui','1978-04-11 15:38:13','2008-12-20 15:21:19'),(13,'repudiandae','1992-04-07 19:21:02','2012-12-23 12:31:43'),(14,'aut','1977-01-24 16:59:50','1984-10-01 21:16:33'),(15,'cum','1993-03-20 16:49:59','1982-03-30 02:46:06'),(16,'quis','2001-01-17 12:07:08','1981-12-21 09:04:11'),(17,'quia','2002-08-17 22:45:22','1981-12-10 11:58:14'),(18,'occaecati','1997-12-29 01:16:02','2000-11-18 19:26:06'),(19,'eos','2018-04-08 13:14:36','2002-06-28 09:38:36'),(20,'voluptates','1982-12-26 20:30:39','1978-03-09 19:25:31'),(21,'provident','1991-12-27 23:34:54','1985-03-21 09:20:09'),(22,'repellat','2018-04-23 07:56:09','2021-03-04 22:36:54'),(23,'placeat','2004-09-07 23:56:56','2006-10-22 12:18:57'),(24,'natus','1970-08-09 23:39:55','1988-02-20 20:09:32'),(25,'porro','2004-01-20 05:29:52','1974-10-22 11:33:04'),(26,'id','2019-01-30 13:42:56','1995-10-10 13:11:27'),(27,'est','1993-03-06 00:35:27','1975-03-21 21:46:56'),(28,'necessitatibus','1994-02-07 12:04:28','1983-11-29 12:08:20'),(29,'veritatis','1980-12-25 15:42:55','1989-12-02 08:46:08'),(30,'impedit','1997-11-26 05:30:41','1976-06-09 14:54:25'),(31,'velit','2011-11-28 00:30:01','1977-12-04 21:35:20'),(32,'quae','1993-10-06 11:38:52','2001-09-09 05:45:36'),(33,'sint','2018-05-31 10:17:26','2006-08-17 07:30:24'),(34,'sed','1996-09-02 19:23:50','2014-08-28 19:26:27'),(35,'numquam','2019-02-22 10:24:01','1980-11-29 01:41:54'),(36,'adipisci','1999-11-03 02:35:31','1976-11-03 18:15:13'),(37,'vel','2003-10-03 12:55:10','1998-07-07 15:16:42'),(38,'ut','1991-10-06 01:50:28','1989-11-04 12:25:27'),(39,'vero','1982-11-25 06:45:42','1973-06-19 14:58:01'),(40,'consequatur','2018-02-06 09:58:49','1988-05-14 16:28:07'),(41,'minus','1976-12-22 22:01:55','2020-02-19 22:20:59'),(42,'soluta','1996-04-05 04:32:31','2015-05-26 12:27:44');
/*!40000 ALTER TABLE `communities` ENABLE KEYS */;
UNLOCK TABLES;

--
-- Table structure for table `communities_users`
--

DROP TABLE IF EXISTS `communities_users`;
/*!40101 SET @saved_cs_client     = @@character_set_client */;
/*!50503 SET character_set_client = utf8mb4 */;
CREATE TABLE `communities_users` (
  `community_id` int unsigned NOT NULL COMMENT 'Ссылка на группу',
  `user_id` int unsigned NOT NULL COMMENT 'Ссылка на пользователя',
  `created_at` datetime DEFAULT CURRENT_TIMESTAMP COMMENT 'Время создания строки',
  PRIMARY KEY (`community_id`,`user_id`) COMMENT 'Составной первичный ключ'
) ENGINE=InnoDB DEFAULT CHARSET=utf8mb4 COLLATE=utf8mb4_0900_ai_ci COMMENT='Участники групп, связь между пользователями и группами';
/*!40101 SET character_set_client = @saved_cs_client */;

--
-- Dumping data for table `communities_users`
--

LOCK TABLES `communities_users` WRITE;
/*!40000 ALTER TABLE `communities_users` DISABLE KEYS */;
INSERT INTO `communities_users` VALUES (1,57,'1991-01-22 23:11:36'),(2,83,'1992-12-22 14:45:16'),(2,94,'2013-04-04 10:06:39'),(3,17,'2001-04-23 12:04:41'),(3,23,'1984-03-01 14:23:50'),(3,52,'1994-05-10 23:03:29'),(3,53,'2013-08-06 16:19:54'),(4,69,'1992-11-23 04:13:16'),(4,89,'1977-03-10 06:35:49'),(5,17,'2018-05-18 23:07:56'),(5,41,'1995-01-17 10:54:48'),(5,78,'2002-02-13 17:42:25'),(6,65,'1984-04-07 10:06:43'),(6,91,'2016-09-13 05:06:01'),(7,12,'1979-08-21 21:09:56'),(7,48,'1993-12-15 04:47:08'),(7,81,'1983-01-25 18:08:49'),(7,93,'2007-04-05 23:33:36'),(7,100,'1971-02-02 06:27:53'),(8,69,'1992-08-16 12:21:02'),(8,98,'1987-07-26 07:56:27'),(9,2,'2014-01-29 07:54:19'),(9,6,'1998-04-18 21:23:52'),(9,12,'1972-05-12 02:37:41'),(9,18,'1985-12-20 02:50:45'),(9,33,'1974-07-14 16:49:45'),(9,87,'2001-05-31 11:12:08'),(10,1,'2018-05-13 21:13:20'),(10,50,'1973-11-23 06:53:15'),(10,58,'1992-07-23 13:19:56'),(10,63,'1998-02-01 15:27:37'),(11,89,'2008-04-03 21:34:58'),(11,100,'2008-10-26 00:15:41'),(12,20,'2005-04-24 18:25:55'),(12,35,'1994-07-23 04:39:30'),(13,25,'2019-09-26 04:11:10'),(13,43,'1975-06-04 02:28:46'),(13,81,'1979-01-11 09:38:13'),(14,35,'1986-08-03 13:39:51'),(14,42,'1986-11-19 00:34:07'),(15,6,'1983-12-03 10:47:04'),(15,15,'2018-03-14 14:34:56'),(15,68,'1991-08-17 23:17:29'),(15,100,'1987-11-19 04:07:38'),(17,15,'1999-02-19 04:18:54'),(17,25,'1986-06-06 02:43:55'),(17,67,'2009-06-26 18:17:20'),(17,72,'1999-08-07 02:05:42'),(18,20,'1990-09-14 06:04:19'),(18,49,'1979-11-06 20:38:53'),(18,84,'1977-05-18 06:25:22'),(18,95,'1988-05-26 00:16:05'),(19,4,'2012-07-14 00:10:45'),(19,53,'1999-11-20 03:38:45'),(19,68,'1992-09-19 01:47:55'),(20,17,'1973-03-30 05:05:02'),(20,76,'1982-07-10 05:20:32'),(21,45,'2009-03-21 01:46:12'),(21,66,'1997-09-21 14:52:27'),(21,67,'2013-03-17 21:26:10'),(21,84,'2015-11-14 05:50:02'),(22,66,'2017-06-02 23:48:22'),(22,70,'1985-09-10 19:47:47'),(23,7,'2009-05-01 09:21:00'),(23,13,'1970-08-15 19:56:56'),(23,79,'1994-12-13 22:49:39'),(23,92,'2007-03-06 07:00:41'),(25,95,'1985-02-18 08:55:54'),(26,3,'1984-02-08 19:11:56'),(26,21,'1971-04-11 03:08:08'),(27,10,'1977-10-29 06:53:59'),(27,84,'2015-12-13 13:14:08'),(29,22,'2012-04-04 11:55:10'),(29,32,'1998-09-07 21:44:10'),(29,81,'1974-12-27 18:08:10'),(30,4,'2005-08-16 14:39:41'),(31,63,'1973-07-17 11:43:35'),(31,86,'1973-03-30 14:37:21'),(31,90,'1993-05-12 09:08:42'),(32,2,'1981-08-27 11:43:17'),(32,11,'2020-07-27 20:18:18'),(32,52,'1996-11-18 13:26:06'),(32,64,'1986-12-28 14:48:38'),(32,78,'1982-11-07 08:23:45'),(35,51,'2021-03-02 01:50:03'),(36,48,'1999-08-21 02:20:28'),(37,53,'1996-04-23 15:01:28'),(37,90,'1990-11-20 04:53:40'),(38,79,'2004-08-06 01:04:33'),(38,87,'1977-08-03 01:42:17'),(39,18,'1998-11-24 21:04:57'),(39,20,'1992-02-01 21:33:23'),(39,85,'1992-03-09 00:22:19'),(39,88,'1974-07-24 20:57:42'),(40,70,'1973-01-23 04:05:09'),(40,79,'1997-06-15 04:15:55'),(40,99,'2019-10-07 09:33:50'),(41,58,'1998-01-14 14:13:06'),(42,5,'2011-10-21 13:22:47'),(42,92,'1994-11-25 04:43:54');
/*!40000 ALTER TABLE `communities_users` ENABLE KEYS */;
UNLOCK TABLES;

--
-- Table structure for table `friendship`
--

DROP TABLE IF EXISTS `friendship`;
/*!40101 SET @saved_cs_client     = @@character_set_client */;
/*!50503 SET character_set_client = utf8mb4 */;
CREATE TABLE `friendship` (
  `user_id` int unsigned NOT NULL COMMENT 'Ссылка на инициатора дружеских отношений',
  `friend_id` int unsigned NOT NULL COMMENT 'Ссылка на получателя приглашения дружить',
  `status_id` int unsigned NOT NULL COMMENT 'Ссылка на статус (текущее состояние) отношений',
  `requested_at` datetime DEFAULT CURRENT_TIMESTAMP COMMENT 'Время отправления приглашения дружить',
  `confirmed_at` datetime DEFAULT NULL COMMENT 'Время подтверждения приглашения',
  `created_at` datetime DEFAULT CURRENT_TIMESTAMP COMMENT 'Время создания строки',
  `updated_at` datetime DEFAULT CURRENT_TIMESTAMP ON UPDATE CURRENT_TIMESTAMP COMMENT 'Время обновления строки',
  PRIMARY KEY (`user_id`,`friend_id`) COMMENT 'Составной первичный ключ'
) ENGINE=InnoDB DEFAULT CHARSET=utf8mb4 COLLATE=utf8mb4_0900_ai_ci COMMENT='Таблица дружбы';
/*!40101 SET character_set_client = @saved_cs_client */;

--
-- Dumping data for table `friendship`
--

LOCK TABLES `friendship` WRITE;
/*!40000 ALTER TABLE `friendship` DISABLE KEYS */;
INSERT INTO `friendship` VALUES (1,39,1,'1970-05-19 19:08:21','1974-12-09 08:20:38','2009-05-07 06:12:14','2021-03-21 18:33:25'),(1,61,1,'1970-12-13 16:54:26','2008-04-10 22:10:09','1977-11-14 23:09:15','2021-03-21 18:33:25'),(1,92,1,'1993-10-26 18:26:56','2000-04-01 15:31:40','1996-03-04 01:05:07','2018-06-30 06:54:59'),(2,13,2,'1988-03-26 00:32:47','2006-02-27 12:51:07','1987-10-12 14:14:46','2021-03-21 18:33:25'),(2,93,3,'1976-10-29 09:43:02','2008-10-05 13:30:27','2007-09-01 20:47:11','2021-03-21 18:33:25'),(2,98,2,'2001-12-25 20:05:34','1981-07-17 20:43:24','2010-10-16 00:19:47','2021-03-21 18:33:25'),(4,59,3,'2017-03-26 17:54:33','1990-01-07 21:59:58','1975-01-25 04:00:05','2021-03-21 18:33:25'),(5,87,3,'2007-04-08 08:15:14','2019-01-29 12:05:07','1992-06-16 07:51:56','2021-03-21 18:33:25'),(6,16,2,'1997-08-27 21:35:46','2000-09-22 19:40:42','1987-10-15 15:10:07','2021-03-21 18:33:25'),(6,20,2,'1976-06-03 04:02:52','1985-09-26 23:10:27','1997-10-08 05:06:47','2021-03-21 18:33:25'),(6,39,3,'1980-01-29 15:15:31','1974-03-16 20:33:38','1972-05-13 14:58:50','2021-03-21 18:33:25'),(7,12,1,'1986-12-18 16:37:07','1974-07-03 17:32:19','2008-05-14 07:46:47','2021-03-21 18:33:25'),(7,37,3,'1987-04-22 22:47:03','1985-08-11 05:48:37','1979-11-09 17:45:08','2021-03-21 18:33:25'),(8,30,1,'2007-01-13 03:39:53','1974-06-14 19:49:08','2014-03-17 02:07:59','2021-03-21 18:33:25'),(8,41,3,'1991-08-01 06:54:45','1997-09-07 11:55:25','1975-10-29 01:51:46','2021-03-21 18:33:25'),(8,46,2,'2020-06-26 09:06:07','1989-03-30 02:02:11','1979-09-28 19:28:52','2021-03-21 18:33:25'),(8,61,1,'1991-09-28 00:01:05','2019-06-13 12:57:59','1995-12-03 08:55:16','2021-03-21 18:33:25'),(8,83,1,'2005-11-10 10:41:23','2011-07-05 19:54:08','2000-04-21 09:43:52','2021-03-21 18:33:25'),(9,19,3,'2008-07-23 05:05:03','1992-03-10 05:37:05','2005-05-30 10:10:00','2021-03-21 18:33:25'),(10,34,3,'1998-04-17 02:12:00','2013-09-29 16:28:43','1999-05-10 04:06:31','2021-03-21 18:33:25'),(10,37,1,'1992-02-27 07:26:42','1974-12-22 05:08:25','2015-12-03 12:16:42','2021-03-21 18:33:25'),(10,93,2,'1972-10-04 17:10:48','1972-01-23 17:01:17','1980-04-13 17:54:31','1980-08-26 23:31:14'),(11,81,3,'1974-11-10 00:25:29','1988-04-02 02:38:35','2018-03-16 10:11:01','2021-03-21 18:33:25'),(12,43,3,'2005-03-17 12:44:52','1979-08-04 21:34:13','1980-12-23 07:34:28','2021-03-21 18:33:25'),(13,17,2,'1977-04-14 15:38:17','1990-01-03 23:09:45','1986-03-21 22:36:44','2021-03-21 18:33:25'),(13,24,3,'2009-06-12 20:31:03','1975-03-16 06:24:46','2016-11-30 03:46:42','2021-03-21 18:33:25'),(14,26,1,'1988-09-13 19:41:52','1982-02-20 08:36:29','2017-04-03 13:28:23','2021-03-21 18:33:25'),(14,49,1,'1997-11-26 07:25:39','1999-09-01 11:00:44','2000-01-21 08:21:45','2021-03-21 18:33:25'),(15,32,1,'2017-02-26 17:20:05','1993-09-29 17:30:14','1984-03-24 20:02:07','2021-03-21 18:33:25'),(15,49,1,'1979-11-12 00:36:31','2002-10-01 15:19:41','1994-07-19 13:55:15','2021-03-21 18:33:25'),(15,66,2,'1971-11-18 11:58:28','1985-06-24 19:22:42','1972-02-22 04:38:17','2021-03-21 18:33:25'),(16,7,3,'1990-07-09 00:58:42','2012-10-09 06:17:03','1975-04-22 14:52:24','2021-03-21 18:33:25'),(16,95,2,'1987-09-25 04:17:52','1996-07-17 20:50:24','1986-07-02 03:54:09','2021-03-21 18:33:25'),(17,35,1,'1975-12-23 16:55:50','1972-01-30 01:48:21','1980-08-03 21:53:55','1998-12-22 01:16:55'),(20,34,1,'1996-12-25 01:30:57','2003-12-28 11:14:47','2014-11-15 13:50:32','2021-03-21 18:33:25'),(20,86,2,'2006-07-04 14:15:45','1991-09-25 23:30:18','2001-11-02 04:16:31','2021-03-21 18:33:25'),(22,96,3,'1995-06-07 13:33:34','2004-10-02 20:14:58','2014-09-24 16:23:21','2021-03-21 18:33:25'),(23,43,1,'2008-02-19 08:03:16','2010-05-19 04:54:28','1993-12-13 06:32:12','1997-02-27 10:59:54'),(23,63,3,'1978-01-23 14:52:40','1990-09-29 09:52:12','1985-11-20 19:13:41','2021-03-21 18:33:25'),(24,12,3,'2018-10-24 21:53:23','2003-03-20 21:01:44','1972-01-30 20:33:06','2021-03-21 18:33:25'),(26,36,2,'1980-02-03 07:02:05','1995-12-07 08:41:58','1977-07-25 00:27:12','2021-03-21 18:33:25'),(26,73,3,'1977-07-05 17:15:50','1991-08-12 07:01:28','2012-09-18 09:03:10','2021-03-21 18:33:25'),(27,28,3,'1995-06-27 16:38:41','2019-01-09 05:02:05','1990-07-20 14:11:05','2021-03-21 18:33:25'),(27,68,3,'2010-05-15 23:53:35','1980-01-14 17:41:12','1983-10-24 10:59:58','2021-03-21 18:33:25'),(27,76,1,'1997-08-10 13:04:50','1987-02-05 08:58:17','2014-04-01 12:48:48','2021-03-21 18:33:25'),(27,81,2,'2006-03-27 05:23:10','1970-05-24 21:12:18','2010-07-14 19:54:30','2021-03-21 18:33:25'),(29,6,3,'1996-04-20 21:14:58','1991-05-03 00:07:04','2007-06-19 21:25:11','2021-03-21 18:33:25'),(29,45,2,'1970-03-21 02:52:27','1983-02-04 04:37:56','1984-09-03 14:40:49','2021-03-21 18:33:25'),(29,67,1,'2011-05-16 01:19:27','1992-10-24 09:40:54','1982-10-18 11:42:30','2021-03-21 18:33:25'),(32,76,3,'1972-03-09 20:07:53','2017-04-03 10:22:29','2012-04-24 07:49:55','2021-03-21 18:33:25'),(33,75,2,'1976-01-27 22:23:17','2015-08-17 14:31:58','2018-12-18 02:51:41','2021-03-21 18:33:25'),(34,50,2,'1976-12-31 21:57:35','1973-08-04 10:41:19','1991-08-06 05:29:45','2007-01-13 19:24:28'),(35,7,3,'1978-05-06 04:30:26','1977-03-19 23:45:03','2002-06-04 23:11:49','2021-03-21 18:33:25'),(35,60,1,'2004-02-02 17:30:35','1993-02-09 17:21:31','1991-09-03 00:04:08','2021-03-21 18:33:25'),(36,12,2,'1972-09-15 20:52:06','1986-12-03 09:04:14','1991-05-07 22:58:48','2021-03-21 18:33:25'),(36,27,2,'2000-12-30 06:54:43','1984-05-06 22:55:42','1972-03-02 15:14:22','2021-03-21 18:33:25'),(36,63,2,'2004-04-14 06:46:13','2015-07-26 16:39:39','1971-03-01 05:36:20','2021-03-21 18:33:25'),(37,61,2,'2012-11-29 20:43:59','1976-05-21 11:12:09','1997-04-01 17:10:10','2021-03-21 18:33:25'),(37,72,2,'2013-08-18 08:19:23','1973-08-14 06:29:59','1974-06-16 07:00:53','2021-03-21 18:33:25'),(38,12,1,'1997-06-20 05:11:30','2018-03-07 18:15:40','1970-03-24 14:35:56','2021-03-21 18:33:25'),(38,36,1,'1983-07-27 16:06:06','2013-05-16 04:06:08','1985-03-01 22:09:42','2021-03-21 18:33:25'),(38,72,2,'2003-04-10 12:28:16','1992-01-25 03:03:57','1996-03-01 08:04:51','2021-03-21 18:33:25'),(40,73,2,'1992-04-01 01:23:01','1983-09-09 02:24:49','2020-11-08 05:33:00','2021-03-21 18:33:25'),(42,36,1,'2015-07-29 00:04:30','1970-04-24 03:08:53','2016-10-13 14:39:56','2021-03-21 18:33:25'),(44,75,2,'1999-01-07 15:26:48','1982-11-12 07:39:03','2015-12-21 16:43:56','2021-03-21 18:33:25'),(47,16,2,'1993-02-06 04:28:53','1973-03-26 23:31:03','1975-03-06 22:31:48','2021-03-21 18:33:25'),(48,3,1,'1991-08-27 03:33:49','1982-04-26 18:05:12','2009-05-13 19:48:28','2021-03-21 18:33:25'),(48,98,2,'2018-07-29 12:13:57','1974-04-07 10:25:02','1983-04-10 09:55:11','2021-03-21 18:33:25'),(49,76,3,'2012-10-26 22:44:22','1979-02-12 02:46:27','2014-10-26 00:11:38','2021-03-21 18:33:25'),(52,45,1,'2017-04-08 10:32:05','2014-06-07 20:05:22','2014-08-22 07:05:06','2021-03-21 18:33:25'),(52,85,2,'1987-09-23 14:12:29','1982-11-08 04:56:48','1971-12-22 17:23:22','2021-03-21 18:33:25'),(53,22,2,'1993-08-05 18:52:09','1998-05-26 17:51:34','2020-09-25 07:36:30','2021-03-21 18:33:25'),(53,97,2,'1986-03-30 16:21:05','2010-11-30 07:31:05','2010-05-30 22:32:34','2021-03-21 18:33:25'),(58,3,2,'2010-10-25 06:59:40','2002-06-18 21:36:59','1977-03-05 02:31:11','2021-03-21 18:33:25'),(62,75,3,'2009-06-12 02:45:22','2009-12-15 18:03:35','2012-03-14 20:56:06','2021-03-21 18:33:25'),(63,9,3,'1995-07-29 17:01:36','2018-05-21 19:49:12','1981-05-08 10:41:59','2021-03-21 18:33:25'),(63,22,1,'1984-12-25 19:17:49','1972-07-14 08:42:59','2008-08-23 19:26:00','2021-03-21 18:33:25'),(64,84,1,'1987-12-05 19:18:39','2013-09-11 07:09:27','1985-07-29 16:19:14','2021-03-21 18:33:25'),(65,55,3,'2008-08-19 17:59:47','1977-09-15 17:23:07','1973-03-02 20:47:30','2021-03-21 18:33:25'),(66,4,2,'1979-10-13 22:01:56','2012-03-31 14:51:10','1977-07-11 14:34:53','2021-03-21 18:33:25'),(66,45,2,'1977-01-21 10:20:01','1992-09-13 04:02:09','2020-10-01 09:05:11','2021-03-21 18:33:25'),(66,54,3,'2005-07-25 23:09:27','1983-03-08 10:31:01','1991-09-07 07:10:10','2021-03-21 18:33:25'),(66,63,1,'2001-03-10 05:12:27','1995-03-11 08:07:48','1971-02-03 00:05:27','2021-03-21 18:33:25'),(68,17,2,'1975-04-24 10:00:04','2019-07-30 16:05:29','1977-01-16 22:36:44','2021-03-21 18:33:25'),(68,22,3,'1970-10-15 23:30:12','2002-09-17 02:18:43','1976-10-26 21:44:31','2021-03-21 18:33:25'),(68,72,3,'2002-12-24 17:38:12','1972-08-10 03:40:27','2014-03-14 07:44:17','2021-03-21 18:33:25'),(68,80,3,'1975-01-11 16:19:04','1977-07-24 22:41:01','1989-03-26 18:14:36','2021-03-21 18:33:25'),(69,60,1,'1993-03-20 16:56:22','2012-12-07 16:09:50','2012-09-24 03:18:52','2021-03-21 18:33:25'),(69,66,3,'2014-10-11 10:06:39','1991-04-08 04:13:32','1981-01-27 01:51:09','2021-03-21 18:33:25'),(69,96,2,'1977-04-08 09:26:50','1999-06-19 13:12:46','2011-12-24 01:35:52','2021-03-21 18:33:25'),(70,58,3,'1974-05-21 19:26:12','1970-07-26 18:48:13','1991-08-29 22:47:11','2021-03-21 18:33:25'),(70,77,1,'1993-03-01 01:08:38','2011-06-04 21:52:48','2014-02-20 00:41:41','2021-03-21 18:33:25'),(71,35,2,'1982-11-11 05:12:43','1990-09-11 11:38:19','1986-01-11 02:26:48','2021-03-21 18:33:25'),(71,50,1,'1975-11-29 10:42:22','1998-02-16 00:07:34','2019-01-31 22:07:00','2021-03-21 18:33:25'),(74,91,1,'2002-05-02 15:14:51','2005-07-31 17:28:45','1994-05-04 10:23:45','2021-03-21 18:33:25'),(75,77,3,'2004-08-03 11:37:34','1991-12-14 03:49:27','1998-05-29 18:04:39','2021-03-21 18:33:25'),(76,99,1,'1988-11-15 10:10:59','2004-03-29 09:58:54','2002-04-24 16:16:46','2021-03-21 18:33:25'),(77,3,1,'1977-09-01 02:29:20','2000-01-11 01:14:53','2019-10-14 23:27:50','2021-03-21 18:33:25'),(77,59,1,'1987-08-08 15:51:24','2018-08-21 15:34:55','1975-08-12 16:40:01','1991-12-25 02:05:40'),(78,8,2,'1999-10-19 06:49:24','1970-07-26 04:13:24','1970-01-17 02:37:27','2021-03-21 18:33:25'),(80,42,3,'1985-10-26 03:16:16','1970-07-01 04:50:38','2001-03-24 03:38:55','2021-03-21 18:33:25'),(80,62,1,'2007-07-23 03:00:52','1979-10-06 00:05:47','1979-09-15 23:39:52','2019-03-15 00:50:21'),(81,99,2,'1973-11-02 03:32:06','1994-03-18 08:31:01','2000-02-26 14:19:44','2021-03-21 18:33:25'),(82,7,1,'2003-08-25 01:22:44','1988-02-17 17:17:47','2001-09-13 15:28:20','2021-03-21 18:33:25'),(82,23,1,'1992-10-26 22:50:17','1993-05-03 03:49:58','1993-02-14 01:03:23','2021-03-21 18:33:25'),(83,62,2,'1981-12-25 17:25:18','1999-06-16 05:24:50','1978-08-01 04:02:27','2021-03-21 18:33:25'),(84,20,1,'1988-01-23 03:41:53','1977-10-21 08:27:59','1976-05-10 10:39:59','2021-03-21 18:33:25'),(84,42,3,'1996-04-17 23:53:21','2004-12-04 02:14:58','2014-09-24 04:14:43','2021-03-21 18:33:25'),(85,48,1,'1977-08-18 01:16:28','1987-12-30 08:16:07','1971-04-06 06:03:12','1992-04-30 15:46:15'),(86,38,1,'1995-12-11 09:35:39','1971-06-14 17:04:11','1986-02-12 20:50:28','2021-03-21 18:33:25'),(86,56,1,'1991-06-28 15:36:48','2010-08-17 02:16:40','2005-09-28 06:58:37','2021-03-21 18:33:25'),(87,19,3,'1994-12-05 08:49:47','2006-08-23 16:30:35','1999-10-25 12:01:10','2021-03-21 18:33:25'),(87,72,3,'1972-04-29 01:18:47','2017-11-19 22:30:59','2008-09-29 04:33:24','2021-03-21 18:33:25'),(88,51,2,'1990-07-08 18:46:16','1994-09-06 21:06:36','2014-07-18 21:16:28','2021-03-21 18:33:25'),(88,60,2,'2017-03-06 04:41:47','1987-03-27 00:53:26','2004-04-20 21:45:51','2021-03-21 18:33:25'),(89,23,1,'1998-08-03 16:33:10','2017-08-26 16:15:03','1993-05-02 23:49:20','1996-04-16 00:03:14'),(89,31,1,'2012-06-09 10:25:45','2000-04-09 11:53:19','1986-07-30 19:10:31','2021-03-21 18:33:25'),(89,33,3,'1971-09-29 15:33:35','2015-10-23 17:38:18','1996-08-30 08:23:04','2021-03-21 18:33:25'),(89,96,2,'1994-04-06 16:00:07','2014-11-26 20:19:30','1970-12-19 16:37:48','2021-03-21 18:33:25'),(90,43,1,'1999-05-31 20:10:55','2006-02-25 00:59:18','2013-11-07 19:33:01','2021-03-21 18:33:25'),(90,71,1,'1981-10-25 01:19:26','1988-04-20 21:37:26','1993-11-29 22:39:18','2021-03-21 18:33:25'),(90,86,1,'2016-10-29 14:05:15','1984-01-02 06:37:42','2011-04-06 16:39:18','2021-03-21 18:33:25'),(91,85,3,'1993-10-02 19:52:12','1996-06-10 05:34:00','1988-10-07 19:50:52','2021-03-21 18:33:25'),(93,13,2,'1974-05-10 14:20:11','2002-05-21 03:07:53','1984-10-12 09:06:50','2021-03-21 18:33:25'),(93,46,2,'1980-05-01 06:07:53','1987-11-12 18:22:36','2005-04-16 05:06:01','2021-03-21 18:33:25'),(94,9,1,'1995-04-07 03:18:35','1975-04-30 01:44:47','1989-10-07 20:31:31','2021-03-21 18:33:25'),(94,16,1,'1993-12-23 22:35:24','1990-11-14 00:15:44','2003-11-09 16:00:39','2021-03-21 18:33:25'),(95,81,3,'1979-10-19 15:33:48','1996-07-01 01:54:37','2001-03-30 05:25:41','2021-03-21 18:33:25'),(97,41,3,'2019-05-09 08:19:30','2008-12-07 13:30:45','1974-06-26 19:53:27','2021-03-21 18:33:25'),(97,44,2,'2014-05-27 06:52:01','2002-11-11 17:11:16','1977-04-30 17:26:56','2021-03-21 18:33:25'),(98,18,1,'2005-12-25 17:20:32','1971-05-22 00:39:45','2003-12-21 04:16:07','1992-05-24 23:21:23'),(99,75,3,'2015-09-18 11:03:47','1985-12-04 11:57:16','2011-11-09 21:59:53','1987-07-25 01:12:00'),(100,19,1,'2000-12-10 10:36:19','1980-04-05 03:11:28','1977-08-26 08:39:55','2021-03-21 18:33:25'),(100,43,1,'1972-02-07 20:02:11','1993-06-17 01:28:02','2012-11-25 03:44:40','2004-11-03 20:04:14'),(100,60,2,'1972-10-10 19:24:38','2003-02-27 16:32:07','1997-07-17 17:52:33','2021-03-21 18:33:25');
/*!40000 ALTER TABLE `friendship` ENABLE KEYS */;
UNLOCK TABLES;

--
-- Table structure for table `friendship_statuses`
--

DROP TABLE IF EXISTS `friendship_statuses`;
/*!40101 SET @saved_cs_client     = @@character_set_client */;
/*!50503 SET character_set_client = utf8mb4 */;
CREATE TABLE `friendship_statuses` (
  `id` int unsigned NOT NULL AUTO_INCREMENT COMMENT 'Идентификатор строки',
  `name` varchar(150) NOT NULL COMMENT 'Название статуса',
  `created_at` datetime DEFAULT CURRENT_TIMESTAMP COMMENT 'Время создания строки',
  `updated_at` datetime DEFAULT CURRENT_TIMESTAMP ON UPDATE CURRENT_TIMESTAMP COMMENT 'Время обновления строки',
  PRIMARY KEY (`id`),
  UNIQUE KEY `name` (`name`)
) ENGINE=InnoDB AUTO_INCREMENT=4 DEFAULT CHARSET=utf8mb4 COLLATE=utf8mb4_0900_ai_ci COMMENT='Статусы дружбы';
/*!40101 SET character_set_client = @saved_cs_client */;

--
-- Dumping data for table `friendship_statuses`
--

LOCK TABLES `friendship_statuses` WRITE;
/*!40000 ALTER TABLE `friendship_statuses` DISABLE KEYS */;
INSERT INTO `friendship_statuses` VALUES (1,'Requested','2021-03-21 17:17:17','2021-03-21 17:17:17'),(2,'Approved','2021-03-21 17:17:17','2021-03-21 17:17:17'),(3,'Declined','2021-03-21 17:17:17','2021-03-21 17:17:17');
/*!40000 ALTER TABLE `friendship_statuses` ENABLE KEYS */;
UNLOCK TABLES;

--
-- Table structure for table `gender`
--

DROP TABLE IF EXISTS `gender`;
/*!40101 SET @saved_cs_client     = @@character_set_client */;
/*!50503 SET character_set_client = utf8mb4 */;
CREATE TABLE `gender` (
  `id` int unsigned NOT NULL AUTO_INCREMENT COMMENT 'Идентификатор строки',
  `gender` varchar(100) NOT NULL COMMENT 'Название пола',
  `gender_info` varchar(100) NOT NULL COMMENT 'Информация о поле',
  `created_at` datetime DEFAULT CURRENT_TIMESTAMP COMMENT 'Время создания строки',
  `updated_at` datetime DEFAULT CURRENT_TIMESTAMP ON UPDATE CURRENT_TIMESTAMP COMMENT 'Время обновления строки',
  PRIMARY KEY (`id`)
) ENGINE=InnoDB AUTO_INCREMENT=3 DEFAULT CHARSET=utf8mb4 COLLATE=utf8mb4_0900_ai_ci COMMENT='Справочник полов';
/*!40101 SET character_set_client = @saved_cs_client */;

--
-- Dumping data for table `gender`
--

LOCK TABLES `gender` WRITE;
/*!40000 ALTER TABLE `gender` DISABLE KEYS */;
INSERT INTO `gender` VALUES (1,'M','Male','2021-03-21 17:58:53','2021-03-21 17:58:53'),(2,'F','female','2021-03-21 17:58:53','2021-03-21 17:58:53');
/*!40000 ALTER TABLE `gender` ENABLE KEYS */;
UNLOCK TABLES;

--
-- Table structure for table `media`
--

DROP TABLE IF EXISTS `media`;
/*!40101 SET @saved_cs_client     = @@character_set_client */;
/*!50503 SET character_set_client = utf8mb4 */;
CREATE TABLE `media` (
  `id` int unsigned NOT NULL AUTO_INCREMENT COMMENT 'Идентификатор строки',
  `user_id` int unsigned NOT NULL COMMENT 'Ссылка на пользователя, который загрузил файл',
  `filename` varchar(255) NOT NULL COMMENT 'Путь к файлу',
  `size` int NOT NULL COMMENT 'Размер файла',
  `metadata` json DEFAULT NULL COMMENT 'Метаданные файла',
  `media_type_id` int unsigned NOT NULL COMMENT 'Ссылка на тип контента',
  `created_at` datetime DEFAULT CURRENT_TIMESTAMP COMMENT 'Время создания строки',
  `updated_at` datetime DEFAULT CURRENT_TIMESTAMP ON UPDATE CURRENT_TIMESTAMP COMMENT 'Время обновления строки',
  PRIMARY KEY (`id`)
) ENGINE=InnoDB AUTO_INCREMENT=179 DEFAULT CHARSET=utf8mb4 COLLATE=utf8mb4_0900_ai_ci COMMENT='Медиафайлы';
/*!40101 SET character_set_client = @saved_cs_client */;

--
-- Dumping data for table `media`
--

LOCK TABLES `media` WRITE;
/*!40000 ALTER TABLE `media` DISABLE KEYS */;
INSERT INTO `media` VALUES (1,21,'ut',0,'{\"audio\": [{\"ch\": 1, \"lang\": \"en\", \"codec\": \"\", \"ch_pos\": \"Front: C\", \"bitrate\": 83051, \"sample_rate\": \"48000\", \"bitrate_mode\": \"VBR\"}], \"video\": [{\"fps\": 30, \"codec\": \"AVC\", \"width\": 560, \"aspect\": \"16:9\", \"height\": 320, \"bitrate\": 465642, \"profile\": \"Baseline@L3\", \"settings\": \"2 Ref Frames\"}], \"general\": {\"menu\": false, \"path\": \"./stream.mp4\", \"size\": 383631, \"tagged\": \"UTC 2010-03-20 21:29:12\", \"bitrate\": 551194, \"created\": \"UTC 2019-02-10 11:32:43.328\", \"encoded\": \"UTC 2010-03-20 21:29:11\", \"duration\": 5568, \"modified\": \"UTC 2019-02-10 15:11:55.546\"}}',2,'1970-04-24 11:13:52','2021-03-21 18:56:10'),(2,4,'sunt',0,'{\"audio\": [{\"ch\": 1, \"lang\": \"en\", \"codec\": \"\", \"ch_pos\": \"Front: C\", \"bitrate\": 83051, \"sample_rate\": \"48000\", \"bitrate_mode\": \"VBR\"}], \"general\": {\"menu\": false, \"path\": \"./stream.mp4\", \"size\": 383631, \"tagged\": \"UTC 2010-03-20 21:29:12\", \"bitrate\": 551194, \"created\": \"UTC 2019-02-10 11:32:43.328\", \"encoded\": \"UTC 2010-03-20 21:29:11\", \"duration\": 5568, \"modified\": \"UTC 2019-02-10 15:11:55.546\"}}',3,'1978-01-06 17:56:06','2021-03-21 18:56:10'),(3,85,'soluta',0,'{\"media\": {\"@ref\": \"C:\\\\Users\\\\GuD\\\\Pictures\\\\vlcsnap-2020-10-28-01h03m15s310.png\", \"track\": [{\"@type\": \"General\", \"Format\": \"PNG\", \"FileSize\": \"411670\", \"ImageCount\": \"1\", \"StreamSize\": \"0\", \"FileExtension\": \"png\", \"File_Created_Date\": \"UTC 2020-10-27 22:03:15.310\", \"File_Modified_Date\": \"UTC 2020-10-27 22:03:15.310\", \"File_Created_Date_Local\": \"2020-10-28 01:03:15.310\", \"File_Modified_Date_Local\": \"2020-10-28 01:03:15.310\"}, {\"@type\": \"Image\", \"Width\": \"1280\", \"Format\": \"PNG\", \"Height\": \"720\", \"BitDepth\": \"8\", \"ColorSpace\": \"RGB\", \"StreamSize\": \"411670\", \"Compression_Mode\": \"Lossless\", \"Format_Compression\": \"Deflate\"}]}}',3,'1975-07-15 23:50:34','2021-03-21 18:56:10'),(4,18,'ad',51297,'{\"media\": {\"@ref\": \"C:\\\\Users\\\\GuD\\\\Pictures\\\\Снимок экрана 2021-03-03 223202.png\", \"track\": [{\"@type\": \"General\", \"Format\": \"PNG\", \"FileSize\": \"72331\", \"ImageCount\": \"1\", \"StreamSize\": \"0\", \"FileExtension\": \"png\", \"File_Created_Date\": \"UTC 2021-03-03 19:32:05.970\", \"File_Modified_Date\": \"UTC 2021-03-03 19:32:05.234\", \"File_Created_Date_Local\": \"2021-03-03 22:32:05.970\", \"File_Modified_Date_Local\": \"2021-03-03 22:32:05.234\"}, {\"@type\": \"Image\", \"Width\": \"913\", \"Format\": \"PNG\", \"Height\": \"567\", \"BitDepth\": \"8\", \"ColorSpace\": \"RGBA\", \"StreamSize\": \"72331\", \"Compression_Mode\": \"Lossless\", \"Format_Compression\": \"Deflate\"}]}}',3,'1981-05-02 23:57:15','2021-03-21 18:56:10'),(5,26,'placeat',46618,NULL,1,'1984-03-27 14:05:30','2021-03-21 18:56:10'),(6,47,'alias',55299148,'{\"media\": {\"@ref\": \"C:\\\\Users\\\\GuD\\\\Pictures\\\\Banners\\\\680x445_6.jpg\", \"track\": [{\"@type\": \"General\", \"Format\": \"JPEG\", \"FileSize\": \"268491\", \"ImageCount\": \"1\", \"StreamSize\": \"0\", \"FileExtension\": \"jpg\", \"File_Created_Date\": \"UTC 2021-03-20 19:52:09.665\", \"File_Modified_Date\": \"UTC 2019-07-31 18:44:55.505\", \"File_Created_Date_Local\": \"2021-03-20 22:52:09.665\", \"File_Modified_Date_Local\": \"2019-07-31 21:44:55.505\"}, {\"@type\": \"Image\", \"Width\": \"680\", \"Format\": \"JPEG\", \"Height\": \"445\", \"BitDepth\": \"8\", \"ColorSpace\": \"YUV\", \"StreamSize\": \"268491\", \"Compression_Mode\": \"Lossy\", \"ChromaSubsampling\": \"4:2:0\"}]}}',3,'1977-01-03 12:02:34','2021-03-21 18:56:10'),(7,3,'ipsum',8,NULL,2,'2013-05-03 00:37:10','2021-03-21 18:56:10'),(8,6,'autem',82,NULL,3,'2015-02-21 16:55:09','2021-03-21 18:56:10'),(9,94,'ullam',9,'{\"media\": {\"@ref\": \"C:\\\\Users\\\\GuD\\\\Pictures\\\\Pictures\\\\Landscapes\\\\Town.jpeg\", \"track\": [{\"@type\": \"General\", \"Format\": \"JPEG\", \"FileSize\": \"391564\", \"ImageCount\": \"1\", \"StreamSize\": \"0\", \"FileExtension\": \"jpeg\", \"File_Created_Date\": \"UTC 2021-03-20 19:53:08.996\", \"File_Modified_Date\": \"UTC 2019-08-13 06:47:01.150\", \"File_Created_Date_Local\": \"2021-03-20 22:53:08.996\", \"File_Modified_Date_Local\": \"2019-08-13 09:47:01.150\"}, {\"@type\": \"Image\", \"Width\": \"1280\", \"Format\": \"JPEG\", \"Height\": \"720\", \"BitDepth\": \"8\", \"ColorSpace\": \"YUV\", \"StreamSize\": \"391564\", \"Compression_Mode\": \"Lossy\", \"ChromaSubsampling\": \"4:2:0\"}]}}',1,'2008-06-19 23:55:08','2021-03-21 18:56:10'),(10,8,'quos',0,NULL,1,'1977-02-10 10:31:12','2021-03-21 18:56:10'),(11,35,'ut',739347196,NULL,3,'2013-08-03 01:32:40','2021-03-21 18:56:10'),(12,52,'officiis',4222,NULL,2,'1979-05-06 13:01:17','2021-03-21 18:56:10'),(13,3,'rerum',4,'{\"media\": {\"@ref\": \"C:\\\\Users\\\\GuD\\\\Pictures\\\\Banners\\\\680x445_11.jpg\", \"track\": [{\"@type\": \"General\", \"Format\": \"JPEG\", \"FileSize\": \"259426\", \"ImageCount\": \"1\", \"StreamSize\": \"0\", \"FileExtension\": \"jpg\", \"File_Created_Date\": \"UTC 2021-03-20 19:52:09.513\", \"File_Modified_Date\": \"UTC 2019-07-31 18:41:42.113\", \"File_Created_Date_Local\": \"2021-03-20 22:52:09.513\", \"File_Modified_Date_Local\": \"2019-07-31 21:41:42.113\"}, {\"@type\": \"Image\", \"Width\": \"680\", \"Format\": \"JPEG\", \"Height\": \"445\", \"BitDepth\": \"8\", \"ColorSpace\": \"YUV\", \"StreamSize\": \"259426\", \"Compression_Mode\": \"Lossy\", \"ChromaSubsampling\": \"4:2:0\"}]}}',3,'1995-01-24 18:35:33','2021-03-21 18:56:10'),(14,19,'nihil',19966,NULL,3,'1975-08-05 12:28:27','2021-03-21 18:56:10'),(15,6,'aut',4191,NULL,3,'2010-01-29 21:34:19','2021-03-21 18:56:10'),(16,65,'praesentium',3,NULL,2,'1973-07-07 15:54:39','2021-03-21 18:56:10'),(17,15,'nostrum',1687962,'{\"media\": {\"@ref\": \"C:\\\\Users\\\\GuD\\\\Pictures\\\\Banners\\\\820x125_6.jpg\", \"track\": [{\"@type\": \"General\", \"Format\": \"JPEG\", \"FileSize\": \"90669\", \"ImageCount\": \"1\", \"StreamSize\": \"0\", \"FileExtension\": \"jpg\", \"File_Created_Date\": \"UTC 2021-03-20 19:52:09.920\", \"File_Modified_Date\": \"UTC 2019-07-31 18:44:45.685\", \"File_Created_Date_Local\": \"2021-03-20 22:52:09.920\", \"File_Modified_Date_Local\": \"2019-07-31 21:44:45.685\"}, {\"@type\": \"Image\", \"Width\": \"820\", \"Format\": \"JPEG\", \"Height\": \"125\", \"BitDepth\": \"8\", \"ColorSpace\": \"YUV\", \"StreamSize\": \"90669\", \"Compression_Mode\": \"Lossy\", \"ChromaSubsampling\": \"4:2:0\"}]}}',2,'1982-06-13 06:50:45','2021-03-21 18:56:10'),(18,50,'praesentium',9,NULL,3,'2001-09-19 07:25:23','2021-03-21 18:56:10'),(19,64,'quia',59,NULL,1,'1978-04-08 12:39:32','2021-03-21 18:56:10'),(20,81,'qui',0,NULL,1,'1995-02-13 17:14:02','2021-03-21 18:56:10'),(21,14,'qui',30533,NULL,2,'1984-11-10 00:27:55','2021-03-21 18:56:10'),(22,72,'voluptas',9,NULL,1,'1977-10-25 10:31:01','2021-03-21 18:56:10'),(23,94,'natus',9,'{\"media\": {\"@ref\": \"C:\\\\Users\\\\GuD\\\\Pictures\\\\Banners\\\\820x125_11.jpg\", \"track\": [{\"@type\": \"General\", \"Format\": \"JPEG\", \"FileSize\": \"97465\", \"ImageCount\": \"1\", \"StreamSize\": \"0\", \"FileExtension\": \"jpg\", \"File_Created_Date\": \"UTC 2021-03-20 19:52:09.842\", \"File_Modified_Date\": \"UTC 2019-07-31 18:41:53.162\", \"File_Created_Date_Local\": \"2021-03-20 22:52:09.842\", \"File_Modified_Date_Local\": \"2019-07-31 21:41:53.162\"}, {\"@type\": \"Image\", \"Width\": \"820\", \"Format\": \"JPEG\", \"Height\": \"125\", \"BitDepth\": \"8\", \"ColorSpace\": \"YUV\", \"StreamSize\": \"97465\", \"Compression_Mode\": \"Lossy\", \"ChromaSubsampling\": \"4:2:0\"}]}}',3,'1994-04-01 03:52:24','2021-03-21 18:56:10'),(24,20,'excepturi',8644852,NULL,1,'1972-10-08 21:25:21','2021-03-21 18:56:10'),(25,87,'vel',4,NULL,3,'1976-03-30 15:25:13','2021-03-21 18:56:10'),(26,28,'voluptatem',0,NULL,2,'1987-09-23 19:01:05','2021-03-21 18:56:10'),(27,43,'nostrum',0,NULL,1,'1999-03-10 20:48:09','2021-03-21 18:56:10'),(28,87,'cumque',255,NULL,1,'1988-09-24 15:49:59','2021-03-21 18:56:10'),(29,55,'expedita',28402347,NULL,2,'1993-07-03 02:34:10','2021-03-21 18:56:10'),(30,45,'asperiores',56,NULL,1,'1992-09-04 03:18:38','2021-03-21 18:56:10'),(31,65,'et',0,NULL,3,'1982-04-21 02:24:46','2021-03-21 18:56:10'),(32,59,'beatae',44834321,'{\"media\": {\"@ref\": \"C:\\\\Users\\\\GuD\\\\Pictures\\\\Pictures\\\\Landscapes\\\\Town.jpeg\", \"track\": [{\"@type\": \"General\", \"Format\": \"JPEG\", \"FileSize\": \"391564\", \"ImageCount\": \"1\", \"StreamSize\": \"0\", \"FileExtension\": \"jpeg\", \"File_Created_Date\": \"UTC 2021-03-20 19:53:08.996\", \"File_Modified_Date\": \"UTC 2019-08-13 06:47:01.150\", \"File_Created_Date_Local\": \"2021-03-20 22:53:08.996\", \"File_Modified_Date_Local\": \"2019-08-13 09:47:01.150\"}, {\"@type\": \"Image\", \"Width\": \"1280\", \"Format\": \"JPEG\", \"Height\": \"720\", \"BitDepth\": \"8\", \"ColorSpace\": \"YUV\", \"StreamSize\": \"391564\", \"Compression_Mode\": \"Lossy\", \"ChromaSubsampling\": \"4:2:0\"}]}}',3,'1974-08-24 07:51:09','2021-03-21 18:56:10'),(33,34,'nam',4,NULL,3,'1978-08-02 10:05:16','2021-03-21 18:56:10'),(34,60,'atque',334824,NULL,2,'1986-08-29 07:22:29','2021-03-21 18:56:10'),(35,47,'quibusdam',220136005,'{\"media\": {\"@ref\": \"C:\\\\Users\\\\GuD\\\\Pictures\\\\Pictures\\\\Landscapes\\\\Tilt Shit village.jpeg\", \"track\": [{\"@type\": \"General\", \"Format\": \"JPEG\", \"FileSize\": \"440496\", \"ImageCount\": \"1\", \"StreamSize\": \"0\", \"FileExtension\": \"jpeg\", \"File_Created_Date\": \"UTC 2021-03-20 19:53:08.692\", \"File_Modified_Date\": \"UTC 2019-08-13 06:47:31.360\", \"File_Created_Date_Local\": \"2021-03-20 22:53:08.692\", \"File_Modified_Date_Local\": \"2019-08-13 09:47:31.360\"}, {\"@type\": \"Image\", \"Width\": \"1280\", \"Format\": \"JPEG\", \"Height\": \"720\", \"BitDepth\": \"8\", \"ColorSpace\": \"YUV\", \"StreamSize\": \"440496\", \"Compression_Mode\": \"Lossy\", \"ChromaSubsampling\": \"4:2:0\"}]}}',2,'2018-11-13 12:58:54','2021-03-21 18:56:10'),(36,33,'in',5044398,NULL,1,'1992-04-04 06:58:38','2021-03-21 18:56:10'),(37,88,'et',4876255,NULL,1,'1994-08-20 08:05:02','2021-03-21 18:56:10'),(38,74,'a',946875899,NULL,3,'1992-03-08 19:15:43','2021-03-21 18:56:10'),(39,66,'est',566432671,'{\"media\": {\"@ref\": \"C:\\\\Users\\\\GuD\\\\Pictures\\\\Banners\\\\EPGBanner (680x445).jpg\", \"track\": [{\"@type\": \"General\", \"Format\": \"JPEG\", \"FileSize\": \"185799\", \"ImageCount\": \"1\", \"StreamSize\": \"0\", \"FileExtension\": \"jpg\", \"File_Created_Date\": \"UTC 2021-03-20 19:52:09.999\", \"File_Modified_Date\": \"UTC 2019-07-31 18:48:13.750\", \"File_Created_Date_Local\": \"2021-03-20 22:52:09.999\", \"File_Modified_Date_Local\": \"2019-07-31 21:48:13.750\"}, {\"@type\": \"Image\", \"Width\": \"680\", \"Format\": \"JPEG\", \"Height\": \"445\", \"BitDepth\": \"8\", \"ColorSpace\": \"YUV\", \"StreamSize\": \"185799\", \"Compression_Mode\": \"Lossy\", \"ChromaSubsampling\": \"4:2:0\"}]}}',2,'1979-04-25 04:27:49','2021-03-21 18:56:10'),(40,70,'iusto',0,NULL,1,'2003-05-01 11:18:59','2021-03-21 18:56:10'),(41,80,'nulla',0,NULL,1,'1986-11-12 14:53:29','2021-03-21 18:56:10'),(42,48,'quibusdam',29692,NULL,2,'1995-07-14 22:12:22','2021-03-21 18:56:10'),(43,27,'odit',37776,NULL,2,'1972-08-15 13:29:48','2021-03-21 18:56:10'),(44,9,'nesciunt',291533,NULL,1,'2010-09-22 13:11:36','2021-03-21 18:56:10'),(45,98,'deleniti',737256,NULL,3,'1993-06-22 18:57:13','2021-03-21 18:56:10'),(46,14,'officia',517,NULL,3,'2017-07-13 16:34:52','2021-03-21 18:56:10'),(47,74,'labore',78935463,NULL,2,'1992-01-17 06:13:56','2021-03-21 18:56:10'),(48,100,'est',53136,NULL,3,'1992-02-12 13:23:49','2021-03-21 18:56:10'),(49,80,'quisquam',459,NULL,2,'1975-04-17 02:26:55','2021-03-21 18:56:10'),(50,77,'numquam',114215,NULL,3,'1983-06-14 14:47:14','2021-03-21 18:56:10'),(51,54,'ipsum',6699089,NULL,2,'1979-12-08 08:08:12','2021-03-21 18:56:10'),(52,22,'dolorem',515,NULL,1,'2017-01-25 18:37:49','2021-03-21 18:56:10'),(53,87,'in',309804978,'{\"media\": {\"@ref\": \"C:\\\\Users\\\\GuD\\\\Pictures\\\\Banners\\\\EPGBanner 820x125.jpg\", \"track\": [{\"@type\": \"General\", \"Format\": \"JPEG\", \"FileSize\": \"65093\", \"ImageCount\": \"1\", \"StreamSize\": \"0\", \"FileExtension\": \"jpg\", \"File_Created_Date\": \"UTC 2021-03-20 19:52:10.103\", \"File_Modified_Date\": \"UTC 2019-07-31 18:48:07.640\", \"File_Created_Date_Local\": \"2021-03-20 22:52:10.103\", \"File_Modified_Date_Local\": \"2019-07-31 21:48:07.640\"}, {\"@type\": \"Image\", \"Width\": \"820\", \"Format\": \"JPEG\", \"Height\": \"125\", \"BitDepth\": \"8\", \"ColorSpace\": \"YUV\", \"StreamSize\": \"65093\", \"Compression_Mode\": \"Lossy\", \"ChromaSubsampling\": \"4:2:0\"}]}}',1,'1990-06-17 10:09:46','2021-03-21 18:56:10'),(54,39,'adipisci',5246577,NULL,1,'1982-04-08 22:06:13','2021-03-21 18:56:10'),(55,19,'velit',3,'{\"media\": {\"@ref\": \"C:\\\\Users\\\\GuD\\\\Pictures\\\\Music\\\\A Moment In A Million Years.mp3\", \"track\": [{\"@type\": \"General\", \"Album\": \"Scorpions\", \"Genre\": \"Rock\", \"Title\": \"A Moment In A Million Years\", \"Track\": \"A Moment In A Million Years\", \"Format\": \"MPEG Audio\", \"Duration\": \"215.823\", \"FileSize\": \"6910718\", \"Performer\": \"Scorpions\", \"AudioCount\": \"1\", \"StreamSize\": \"4361\", \"FileExtension\": \"mp3\", \"OverallBitRate\": \"256000\", \"Track_Position\": \"5\", \"File_Created_Date\": \"UTC 2021-03-20 19:52:10.192\", \"File_Modified_Date\": \"UTC 2019-08-13 07:29:11.627\", \"OverallBitRate_Mode\": \"CBR\", \"File_Created_Date_Local\": \"2021-03-20 22:52:10.192\", \"File_Modified_Date_Local\": \"2019-08-13 10:29:11.627\"}, {\"@type\": \"Audio\", \"Format\": \"MPEG Audio\", \"BitRate\": \"256000\", \"Channels\": \"2\", \"Duration\": \"215.824\", \"FrameRate\": \"38.281\", \"FrameCount\": \"8262\", \"StreamSize\": \"6906357\", \"BitRate_Mode\": \"CBR\", \"SamplingRate\": \"44100\", \"SamplingCount\": \"9517824\", \"Format_Profile\": \"Layer 3\", \"Format_Version\": \"1\", \"SamplesPerFrame\": \"1152\", \"Compression_Mode\": \"Lossy\", \"StreamSize_Proportion\": \"0.99937\"}]}}',2,'1976-04-07 02:46:21','2021-03-21 18:56:10'),(56,99,'amet',6336197,NULL,1,'2008-02-02 18:47:33','2021-03-21 18:56:10'),(57,89,'in',964,NULL,1,'2003-02-10 14:32:01','2021-03-21 18:56:10'),(58,77,'alias',64,NULL,2,'1998-02-17 12:13:00','2021-03-21 18:56:10'),(59,76,'quod',32374229,NULL,3,'1990-08-17 23:15:50','2021-03-21 18:56:10'),(60,63,'ducimus',502379,NULL,2,'2002-07-02 05:25:33','2021-03-21 18:56:10'),(61,24,'minima',57886,NULL,2,'2011-12-18 12:09:55','2021-03-21 18:56:10'),(62,89,'maxime',36431768,'{\"media\": {\"@ref\": \"C:\\\\Users\\\\GuD\\\\Pictures\\\\Pictures\\\\Landscapes\\\\Sky.jpeg\", \"track\": [{\"@type\": \"General\", \"Format\": \"JPEG\", \"FileSize\": \"386749\", \"ImageCount\": \"1\", \"StreamSize\": \"0\", \"FileExtension\": \"jpeg\", \"File_Created_Date\": \"UTC 2021-03-20 19:53:08.396\", \"File_Modified_Date\": \"UTC 2019-08-12 18:10:58.176\", \"File_Created_Date_Local\": \"2021-03-20 22:53:08.396\", \"File_Modified_Date_Local\": \"2019-08-12 21:10:58.176\"}, {\"@type\": \"Image\", \"Width\": \"1280\", \"Format\": \"JPEG\", \"Height\": \"720\", \"BitDepth\": \"8\", \"ColorSpace\": \"YUV\", \"StreamSize\": \"386749\", \"Compression_Mode\": \"Lossy\", \"ChromaSubsampling\": \"4:2:0\"}]}}',1,'2005-01-30 23:03:13','2021-03-21 18:56:10'),(63,29,'a',0,NULL,3,'1977-11-13 10:12:28','2021-03-21 18:56:10'),(64,80,'cum',77,NULL,2,'2011-12-18 18:31:53','2021-03-21 18:56:10'),(65,98,'aut',345275958,NULL,1,'2006-12-07 16:03:50','2021-03-21 18:56:10'),(66,34,'quis',773,NULL,1,'1998-01-23 00:34:26','2021-03-21 18:56:10'),(67,19,'cumque',366493,NULL,2,'2003-06-02 21:57:20','2021-03-21 18:56:10'),(68,66,'alias',0,NULL,1,'2014-05-24 21:28:24','2021-03-21 18:56:10'),(69,16,'porro',95339,'{\"media\": {\"@ref\": \"C:\\\\Users\\\\GuD\\\\Pictures\\\\Music\\\\Always Somewhere.mp3\", \"track\": [{\"@type\": \"General\", \"Album\": \"Scorpions\", \"Genre\": \"Rock\", \"Title\": \"Always Somewhere\", \"Track\": \"Always Somewhere\", \"Format\": \"MPEG Audio\", \"Duration\": \"293.694\", \"FileSize\": \"9398614\", \"Performer\": \"Scorpions\", \"AudioCount\": \"1\", \"StreamSize\": \"384\", \"FileExtension\": \"mp3\", \"OverallBitRate\": \"256000\", \"Track_Position\": \"7\", \"File_Created_Date\": \"UTC 2021-03-20 19:52:11.884\", \"File_Modified_Date\": \"UTC 2019-08-13 07:29:11.629\", \"OverallBitRate_Mode\": \"CBR\", \"File_Created_Date_Local\": \"2021-03-20 22:52:11.884\", \"File_Modified_Date_Local\": \"2019-08-13 10:29:11.629\"}, {\"@type\": \"Audio\", \"Format\": \"MPEG Audio\", \"BitRate\": \"256000\", \"Channels\": \"2\", \"Duration\": \"293.695\", \"FrameRate\": \"38.281\", \"FrameCount\": \"11243\", \"StreamSize\": \"9398230\", \"BitRate_Mode\": \"CBR\", \"SamplingRate\": \"44100\", \"SamplingCount\": \"12951936\", \"Format_Profile\": \"Layer 3\", \"Format_Version\": \"1\", \"SamplesPerFrame\": \"1152\", \"Compression_Mode\": \"Lossy\", \"StreamSize_Proportion\": \"0.99996\"}]}}',3,'2000-02-12 11:44:06','2021-03-21 18:56:10'),(70,28,'labore',3,NULL,1,'1982-07-19 22:52:38','2021-03-21 18:56:10'),(71,99,'in',10373,NULL,1,'1974-12-22 12:40:31','2021-03-21 18:56:01'),(72,88,'aliquam',37757,NULL,3,'2019-04-17 12:43:08','2021-03-21 18:56:10'),(73,43,'laborum',812360208,'{\"media\": {\"@ref\": \"C:\\\\Users\\\\GuD\\\\Pictures\\\\Pictures\\\\Landscapes\\\\Night.jpeg\", \"track\": [{\"@type\": \"General\", \"Format\": \"JPEG\", \"FileSize\": \"398775\", \"ImageCount\": \"1\", \"StreamSize\": \"0\", \"FileExtension\": \"jpeg\", \"File_Created_Date\": \"UTC 2021-03-20 19:53:08.115\", \"File_Modified_Date\": \"UTC 2019-08-12 18:14:44.958\", \"File_Created_Date_Local\": \"2021-03-20 22:53:08.115\", \"File_Modified_Date_Local\": \"2019-08-12 21:14:44.958\"}, {\"@type\": \"Image\", \"Width\": \"1280\", \"Format\": \"JPEG\", \"Height\": \"720\", \"BitDepth\": \"8\", \"ColorSpace\": \"YUV\", \"StreamSize\": \"398775\", \"Compression_Mode\": \"Lossy\", \"ChromaSubsampling\": \"4:2:0\"}]}}',3,'2013-07-28 05:52:25','2021-03-21 18:56:10'),(74,10,'fugiat',0,NULL,1,'1980-02-25 21:12:50','2021-03-21 18:56:10'),(75,28,'laboriosam',0,NULL,1,'2015-07-28 04:17:51','2021-03-21 18:56:10'),(76,98,'rerum',70,NULL,2,'1983-10-12 07:45:32','2021-03-21 18:56:10'),(77,32,'dolores',84,NULL,2,'1977-07-18 16:41:05','2021-03-21 18:56:10'),(78,53,'fuga',14315794,'{\"media\": {\"@ref\": \"C:\\\\Users\\\\GuD\\\\Pictures\\\\Music\\\\Angel.mp3\", \"track\": [{\"@type\": \"General\", \"Album\": \"Golden Collection CD2\", \"Genre\": \"Rock\", \"Title\": \"Angel\", \"Track\": \"Angel\", \"Format\": \"MPEG Audio\", \"Comment\": \", AG# 1B9C719C\", \"Duration\": \"310.726\", \"FileSize\": \"9943376\", \"Performer\": \"Aerosmith\", \"AudioCount\": \"1\", \"StreamSize\": \"128\", \"FileExtension\": \"mp3\", \"OverallBitRate\": \"256000\", \"Track_Position\": \"3\", \"File_Created_Date\": \"UTC 2021-03-20 19:52:14.108\", \"File_Modified_Date\": \"UTC 2011-12-17 01:55:40.000\", \"OverallBitRate_Mode\": \"CBR\", \"File_Created_Date_Local\": \"2021-03-20 22:52:14.108\", \"File_Modified_Date_Local\": \"2011-12-17 04:55:40.000\"}, {\"@type\": \"Audio\", \"Format\": \"MPEG Audio\", \"BitRate\": \"256000\", \"Channels\": \"2\", \"Duration\": \"310.727\", \"FrameRate\": \"38.281\", \"FrameCount\": \"11895\", \"StreamSize\": \"9943248\", \"BitRate_Mode\": \"CBR\", \"SamplingRate\": \"44100\", \"SamplingCount\": \"13703040\", \"Format_Profile\": \"Layer 3\", \"Format_Version\": \"1\", \"SamplesPerFrame\": \"1152\", \"Compression_Mode\": \"Lossy\", \"Format_Settings_Mode\": \"Joint stereo\", \"StreamSize_Proportion\": \"0.99999\", \"Format_Settings_ModeExtension\": \"MS Stereo\"}]}}',1,'2007-01-24 06:00:57','2021-03-21 18:56:10'),(79,15,'pariatur',4,NULL,3,'1999-06-02 16:45:58','2021-03-21 18:56:10'),(80,4,'fugit',3,NULL,2,'1976-06-16 00:34:14','2021-03-21 18:56:10'),(81,53,'nam',2,NULL,2,'1992-03-22 16:26:02','2021-03-21 18:56:10'),(82,5,'officiis',0,NULL,2,'2014-08-06 16:16:57','2021-03-21 18:56:10'),(83,18,'consequatur',578,NULL,3,'1997-07-17 12:51:13','2021-03-21 18:56:10'),(84,63,'quo',3939352,'{\"media\": {\"@ref\": \"C:\\\\Users\\\\GuD\\\\Pictures\\\\Music\\\\Clockwise Operetta.mp3\", \"track\": [{\"@type\": \"General\", \"Album\": \"Machinarium Soundtrack\", \"Cover\": \"Yes\", \"Genre\": \"Soundtrack\", \"Title\": \"Clockwise Operetta\", \"Track\": \"Clockwise Operetta\", \"extra\": {\"MP3GAIN_ALBUM_MINMAX\": \"037,206\", \"REPLAYGAIN_ALBUM_GAIN\": \"-0.250000 dB\", \"REPLAYGAIN_ALBUM_PEAK\": \"0.541323\"}, \"Format\": \"MPEG Audio\", \"Composer\": \"Tomas Dvorak\", \"Duration\": \"233.665\", \"FileSize\": \"7785666\", \"Performer\": \"Tomas Dvorak\", \"AudioCount\": \"1\", \"Cover_Mime\": \"PNG\", \"StreamSize\": \"307542\", \"FileExtension\": \"mp3\", \"OverallBitRate\": \"256000\", \"Track_Position\": \"3\", \"Album_Performer\": \"Tomas Dvorak\", \"Encoded_Library\": \"LAME3.98 \", \"File_Created_Date\": \"UTC 2021-03-20 19:52:17.572\", \"File_Modified_Date\": \"UTC 2015-02-10 22:16:00.000\", \"OverallBitRate_Mode\": \"CBR\", \"Track_Position_Total\": \"14\", \"File_Created_Date_Local\": \"2021-03-20 22:52:17.572\", \"File_Modified_Date_Local\": \"2015-02-11 01:16:00.000\"}, {\"@type\": \"Audio\", \"extra\": {\"MP3Gain__Undo\": \"+004,+004,N\", \"MP3Gain__Min_Max\": \"075,206\"}, \"Format\": \"MPEG Audio\", \"BitRate\": \"256000\", \"Channels\": \"2\", \"Duration\": \"233.665\", \"FrameRate\": \"38.281\", \"FrameCount\": \"8945\", \"StreamSize\": \"7477289\", \"BitRate_Mode\": \"CBR\", \"SamplingRate\": \"44100\", \"SamplingCount\": \"10304640\", \"Format_Profile\": \"Layer 3\", \"Format_Version\": \"1\", \"Encoded_Library\": \"LAME3.98 \", \"ReplayGain_Gain\": \"-1.02\", \"ReplayGain_Peak\": \"0.484778\", \"SamplesPerFrame\": \"1152\", \"Compression_Mode\": \"Lossy\", \"Format_Settings_Mode\": \"Joint stereo\", \"StreamSize_Proportion\": \"0.96039\", \"Encoded_Library_Settings\": \"-m j -V 4 -q 2 -lowpass 19.7\"}]}}',3,'1997-04-19 12:43:35','2021-03-21 18:56:10'),(85,57,'voluptatum',38334,NULL,2,'2007-03-23 12:42:45','2021-03-21 18:56:10'),(86,52,'labore',7136,NULL,3,'1975-01-10 00:41:17','2021-03-21 18:56:10'),(87,87,'quidem',6468871,NULL,1,'2005-08-14 07:24:24','2021-03-21 18:56:10'),(88,83,'quod',6122386,'{\"media\": {\"@ref\": \"C:\\\\Users\\\\GuD\\\\Pictures\\\\Music\\\\Crazy.mp3\", \"track\": [{\"@type\": \"General\", \"Album\": \"Golden Collection CD2\", \"Genre\": \"Rock\", \"Title\": \"Crazy\", \"Track\": \"Crazy\", \"Format\": \"MPEG Audio\", \"Comment\": \", AG# 6E09CC8A\", \"Duration\": \"320.548\", \"FileSize\": \"10257682\", \"Performer\": \"Aerosmith\", \"AudioCount\": \"1\", \"StreamSize\": \"128\", \"FileExtension\": \"mp3\", \"OverallBitRate\": \"256000\", \"Track_Position\": \"4\", \"File_Created_Date\": \"UTC 2021-03-20 19:52:20.321\", \"File_Modified_Date\": \"UTC 2011-12-17 01:55:41.000\", \"OverallBitRate_Mode\": \"CBR\", \"File_Created_Date_Local\": \"2021-03-20 22:52:20.321\", \"File_Modified_Date_Local\": \"2011-12-17 04:55:41.000\"}, {\"@type\": \"Audio\", \"Format\": \"MPEG Audio\", \"BitRate\": \"256000\", \"Channels\": \"2\", \"Duration\": \"320.549\", \"FrameRate\": \"38.281\", \"FrameCount\": \"12271\", \"StreamSize\": \"10257554\", \"BitRate_Mode\": \"CBR\", \"SamplingRate\": \"44100\", \"SamplingCount\": \"14136192\", \"Format_Profile\": \"Layer 3\", \"Format_Version\": \"1\", \"SamplesPerFrame\": \"1152\", \"Compression_Mode\": \"Lossy\", \"Format_Settings_Mode\": \"Joint stereo\", \"StreamSize_Proportion\": \"0.99999\", \"Format_Settings_ModeExtension\": \"MS Stereo\"}]}}',1,'2014-06-29 08:28:14','2021-03-21 18:56:10'),(89,31,'voluptas',2324470,NULL,1,'1979-03-31 14:14:27','2021-03-21 18:56:10'),(90,51,'fugiat',62,NULL,3,'1995-04-26 01:27:51','2021-03-21 18:56:10'),(91,72,'tenetur',9,'{\"media\": {\"@ref\": \"C:\\\\Users\\\\GuD\\\\Pictures\\\\Music\\\\Cryin\'.mp3\", \"track\": [{\"@type\": \"General\", \"Genre\": \"Rock\", \"Title\": \"Cryin\'\", \"Track\": \"Cryin\'\", \"Format\": \"MPEG Audio\", \"Comment\": \", AG# 1BEA78AC\", \"Duration\": \"311.248\", \"FileSize\": \"9960095\", \"Performer\": \"Aerosmith\", \"AudioCount\": \"1\", \"StreamSize\": \"128\", \"FileExtension\": \"mp3\", \"OverallBitRate\": \"256000\", \"Track_Position\": \"7\", \"File_Created_Date\": \"UTC 2021-03-20 19:52:24.100\", \"File_Modified_Date\": \"UTC 2011-12-17 01:55:30.000\", \"OverallBitRate_Mode\": \"CBR\", \"File_Created_Date_Local\": \"2021-03-20 22:52:24.100\", \"File_Modified_Date_Local\": \"2011-12-17 04:55:30.000\"}, {\"@type\": \"Audio\", \"Format\": \"MPEG Audio\", \"BitRate\": \"256000\", \"Channels\": \"2\", \"Duration\": \"311.249\", \"FrameRate\": \"38.281\", \"FrameCount\": \"11915\", \"StreamSize\": \"9959967\", \"BitRate_Mode\": \"CBR\", \"SamplingRate\": \"44100\", \"SamplingCount\": \"13726080\", \"Format_Profile\": \"Layer 3\", \"Format_Version\": \"1\", \"SamplesPerFrame\": \"1152\", \"Compression_Mode\": \"Lossy\", \"Format_Settings_Mode\": \"Joint stereo\", \"StreamSize_Proportion\": \"0.99999\", \"Format_Settings_ModeExtension\": \"MS Stereo\"}]}}',2,'1977-08-09 20:22:17','2021-03-21 18:56:10'),(92,53,'corporis',481894,NULL,1,'2015-05-02 10:49:16','2021-03-21 18:56:10'),(93,25,'id',9127,NULL,3,'1993-07-25 04:58:26','2021-03-21 18:56:10'),(94,41,'quas',342,NULL,3,'1995-01-02 01:21:01','2021-03-21 18:56:10'),(95,91,'soluta',4394028,NULL,2,'1994-05-14 09:50:20','2021-03-21 18:56:10'),(96,93,'qui',791679591,'{\"media\": {\"@ref\": \"C:\\\\Users\\\\GuD\\\\Pictures\\\\Music\\\\Dream On.mp3\", \"track\": [{\"@type\": \"General\", \"Album\": \"Golden Collection CD2\", \"Genre\": \"Rock\", \"Title\": \"Dream On\", \"Track\": \"Dream On\", \"Format\": \"MPEG Audio\", \"Comment\": \", AG# 398FA1CB\", \"Duration\": \"271.203\", \"FileSize\": \"8678632\", \"Performer\": \"Aerosmith\", \"AudioCount\": \"1\", \"StreamSize\": \"128\", \"FileExtension\": \"mp3\", \"OverallBitRate\": \"256000\", \"Track_Position\": \"6\", \"File_Created_Date\": \"UTC 2021-03-20 19:52:28.860\", \"File_Modified_Date\": \"UTC 2011-12-17 01:55:42.000\", \"OverallBitRate_Mode\": \"CBR\", \"File_Created_Date_Local\": \"2021-03-20 22:52:28.860\", \"File_Modified_Date_Local\": \"2011-12-17 04:55:42.000\"}, {\"@type\": \"Audio\", \"Format\": \"MPEG Audio\", \"BitRate\": \"256000\", \"Channels\": \"2\", \"Duration\": \"271.203\", \"FrameRate\": \"38.281\", \"FrameCount\": \"10382\", \"StreamSize\": \"8678504\", \"BitRate_Mode\": \"CBR\", \"SamplingRate\": \"44100\", \"SamplingCount\": \"11960064\", \"Format_Profile\": \"Layer 3\", \"Format_Version\": \"1\", \"SamplesPerFrame\": \"1152\", \"Compression_Mode\": \"Lossy\", \"Format_Settings_Mode\": \"Joint stereo\", \"StreamSize_Proportion\": \"0.99999\"}]}}',1,'1994-11-10 23:45:02','2021-03-21 18:55:56'),(97,20,'nobis',732,NULL,1,'1993-11-25 22:00:02','2021-03-21 18:56:10'),(98,72,'totam',4938,NULL,1,'2011-03-19 02:59:12','2021-03-21 18:56:10'),(99,72,'occaecati',69595294,'{\"media\": {\"@ref\": \"C:\\\\Users\\\\GuD\\\\Pictures\\\\Pictures\\\\Landscapes\\\\Lake.jpeg\", \"track\": [{\"@type\": \"General\", \"Format\": \"JPEG\", \"FileSize\": \"473761\", \"ImageCount\": \"1\", \"StreamSize\": \"0\", \"FileExtension\": \"jpeg\", \"File_Created_Date\": \"UTC 2021-03-20 19:53:07.724\", \"File_Modified_Date\": \"UTC 2019-08-12 18:17:56.146\", \"File_Created_Date_Local\": \"2021-03-20 22:53:07.724\", \"File_Modified_Date_Local\": \"2019-08-12 21:17:56.146\"}, {\"@type\": \"Image\", \"Width\": \"1280\", \"Format\": \"JPEG\", \"Height\": \"720\", \"BitDepth\": \"8\", \"ColorSpace\": \"YUV\", \"StreamSize\": \"473761\", \"Compression_Mode\": \"Lossy\", \"ChromaSubsampling\": \"4:2:0\"}]}}',3,'1975-06-02 23:38:32','2021-03-21 18:56:10'),(100,89,'cum',64446750,'{\"media\": {\"@ref\": \"C:\\\\Users\\\\GuD\\\\Pictures\\\\Pictures\\\\Landscapes\\\\Fuji.jpeg\", \"track\": [{\"@type\": \"General\", \"Format\": \"JPEG\", \"FileSize\": \"382161\", \"ImageCount\": \"1\", \"StreamSize\": \"0\", \"FileExtension\": \"jpeg\", \"File_Created_Date\": \"UTC 2021-03-20 19:53:07.445\", \"File_Modified_Date\": \"UTC 2019-08-13 06:40:33.890\", \"File_Created_Date_Local\": \"2021-03-20 22:53:07.445\", \"File_Modified_Date_Local\": \"2019-08-13 09:40:33.890\"}, {\"@type\": \"Image\", \"Width\": \"1280\", \"Format\": \"JPEG\", \"Height\": \"720\", \"BitDepth\": \"8\", \"ColorSpace\": \"YUV\", \"StreamSize\": \"382161\", \"Compression_Mode\": \"Lossy\", \"ChromaSubsampling\": \"4:2:0\"}]}}',3,'1974-08-15 17:13:26','2021-03-21 18:56:10'),(101,79,'possimus',1,NULL,3,'1985-08-30 07:42:56','2021-03-21 18:56:10'),(102,38,'est',0,NULL,3,'2010-09-19 22:49:42','2021-03-21 18:56:10'),(103,49,'earum',4669299,'{\"media\": {\"@ref\": \"C:\\\\Users\\\\GuD\\\\Pictures\\\\Music\\\\Holiday.mp3\", \"track\": [{\"@type\": \"General\", \"Album\": \"Scorpions\", \"Genre\": \"Rock\", \"Title\": \"Holiday\", \"Track\": \"Holiday\", \"Format\": \"MPEG Audio\", \"Duration\": \"377.808\", \"FileSize\": \"12094228\", \"Performer\": \"Scorpions\", \"AudioCount\": \"1\", \"StreamSize\": \"4341\", \"FileExtension\": \"mp3\", \"OverallBitRate\": \"256000\", \"Track_Position\": \"9\", \"File_Created_Date\": \"UTC 2021-03-20 19:52:31.402\", \"File_Modified_Date\": \"UTC 2019-08-13 07:29:11.636\", \"OverallBitRate_Mode\": \"CBR\", \"File_Created_Date_Local\": \"2021-03-20 22:52:31.402\", \"File_Modified_Date_Local\": \"2019-08-13 10:29:11.636\"}, {\"@type\": \"Audio\", \"Format\": \"MPEG Audio\", \"BitRate\": \"256000\", \"Channels\": \"2\", \"Duration\": \"377.809\", \"FrameRate\": \"38.281\", \"FrameCount\": \"14463\", \"StreamSize\": \"12089887\", \"BitRate_Mode\": \"CBR\", \"SamplingRate\": \"44100\", \"SamplingCount\": \"16661376\", \"Format_Profile\": \"Layer 3\", \"Format_Version\": \"1\", \"SamplesPerFrame\": \"1152\", \"Compression_Mode\": \"Lossy\", \"StreamSize_Proportion\": \"0.99964\"}]}}',3,'1971-03-17 08:20:58','2021-03-21 18:56:10'),(104,62,'et',428,NULL,1,'1971-10-24 05:51:37','2021-03-21 18:56:10'),(105,70,'soluta',522872,NULL,3,'2008-06-11 05:35:03','2021-03-21 18:56:10'),(106,80,'dolorem',7,NULL,3,'2014-02-25 12:01:26','2021-03-21 18:56:10'),(107,93,'officia',156933596,'{\"media\": {\"@ref\": \"C:\\\\Users\\\\GuD\\\\Pictures\\\\Music\\\\Lonely Nights.mp3\", \"track\": [{\"@type\": \"General\", \"Album\": \"Scorpions\", \"Genre\": \"Rock\", \"Title\": \"Lonely Nights\", \"Track\": \"Lonely Nights\", \"Format\": \"MPEG Audio\", \"Duration\": \"286.458\", \"FileSize\": \"9171028\", \"Performer\": \"Scorpions\", \"AudioCount\": \"1\", \"StreamSize\": \"4348\", \"FileExtension\": \"mp3\", \"OverallBitRate\": \"256000\", \"Track_Position\": \"11\", \"File_Created_Date\": \"UTC 2021-03-20 19:52:37.479\", \"File_Modified_Date\": \"UTC 2019-08-13 07:29:11.641\", \"OverallBitRate_Mode\": \"CBR\", \"File_Created_Date_Local\": \"2021-03-20 22:52:37.479\", \"File_Modified_Date_Local\": \"2019-08-13 10:29:11.641\"}, {\"@type\": \"Audio\", \"Format\": \"MPEG Audio\", \"BitRate\": \"256000\", \"Channels\": \"2\", \"Duration\": \"286.459\", \"FrameRate\": \"38.281\", \"FrameCount\": \"10966\", \"StreamSize\": \"9166680\", \"BitRate_Mode\": \"CBR\", \"SamplingRate\": \"44100\", \"SamplingCount\": \"12632832\", \"Format_Profile\": \"Layer 3\", \"Format_Version\": \"1\", \"SamplesPerFrame\": \"1152\", \"Compression_Mode\": \"Lossy\", \"StreamSize_Proportion\": \"0.99953\"}]}}',2,'1996-06-21 21:22:24','2021-03-21 18:56:10'),(108,85,'assumenda',886836,NULL,2,'2006-02-17 17:33:06','2021-03-21 18:56:10'),(109,61,'voluptate',47017818,NULL,3,'1990-08-24 09:36:17','2021-03-21 18:56:10'),(110,88,'nihil',47,NULL,2,'1987-05-11 18:02:48','2021-03-21 18:56:10'),(111,91,'ut',0,NULL,3,'2012-02-19 14:03:04','2021-03-21 18:56:10'),(112,20,'voluptatem',80950915,'{\"media\": {\"@ref\": \"C:\\\\Users\\\\GuD\\\\Pictures\\\\Music\\\\Still Loving You.mp3\", \"track\": [{\"@type\": \"General\", \"Album\": \"Scorpions\", \"Genre\": \"Rock\", \"Title\": \"Still Loving You\", \"Track\": \"Still Loving You\", \"Format\": \"MPEG Audio\", \"Duration\": \"365.296\", \"FileSize\": \"11689866\", \"Performer\": \"Scorpions\", \"AudioCount\": \"1\", \"StreamSize\": \"384\", \"FileExtension\": \"mp3\", \"OverallBitRate\": \"256000\", \"Track_Position\": \"3\", \"File_Created_Date\": \"UTC 2021-03-20 19:52:41.316\", \"File_Modified_Date\": \"UTC 2019-08-13 07:29:11.643\", \"OverallBitRate_Mode\": \"CBR\", \"File_Created_Date_Local\": \"2021-03-20 22:52:41.316\", \"File_Modified_Date_Local\": \"2019-08-13 10:29:11.643\"}, {\"@type\": \"Audio\", \"Format\": \"MPEG Audio\", \"BitRate\": \"256000\", \"Channels\": \"2\", \"Duration\": \"365.296\", \"FrameRate\": \"38.281\", \"FrameCount\": \"13984\", \"StreamSize\": \"11689482\", \"BitRate_Mode\": \"CBR\", \"SamplingRate\": \"44100\", \"SamplingCount\": \"16109568\", \"Format_Profile\": \"Layer 3\", \"Format_Version\": \"1\", \"SamplesPerFrame\": \"1152\", \"Compression_Mode\": \"Lossy\", \"StreamSize_Proportion\": \"0.99997\"}]}}',1,'1982-12-11 14:06:48','2021-03-21 18:56:10'),(113,32,'beatae',51156165,NULL,3,'2010-03-21 04:39:25','2021-03-21 18:56:10'),(114,11,'rerum',0,NULL,1,'2020-07-23 09:29:13','2021-03-21 18:56:10'),(115,97,'harum',681748,NULL,1,'2014-02-17 09:50:16','2021-03-21 18:56:10'),(116,24,'itaque',752,NULL,1,'1985-05-09 13:10:25','2021-03-21 18:56:10'),(117,75,'nihil',43207630,NULL,1,'2019-02-22 14:23:46','2021-03-21 18:56:10'),(118,9,'dolores',225619123,'{\"media\": {\"@ref\": \"C:\\\\Users\\\\GuD\\\\Pictures\\\\Music\\\\To Be No1.mp3\", \"track\": [{\"@type\": \"General\", \"Album\": \"Scorpions\", \"Genre\": \"Rock\", \"Title\": \"To Be No1\", \"Track\": \"To Be No1\", \"Format\": \"MPEG Audio\", \"Duration\": \"326.164\", \"FileSize\": \"10441624\", \"Performer\": \"Scorpions\", \"AudioCount\": \"1\", \"StreamSize\": \"4348\", \"FileExtension\": \"mp3\", \"Recorded_Date\": \"2000\", \"OverallBitRate\": \"256000\", \"Track_Position\": \"15\", \"File_Created_Date\": \"UTC 2021-03-20 19:52:48.573\", \"File_Modified_Date\": \"UTC 2019-08-13 07:29:11.645\", \"OverallBitRate_Mode\": \"CBR\", \"File_Created_Date_Local\": \"2021-03-20 22:52:48.573\", \"File_Modified_Date_Local\": \"2019-08-13 10:29:11.645\"}, {\"@type\": \"Audio\", \"Format\": \"MPEG Audio\", \"BitRate\": \"256000\", \"Channels\": \"2\", \"Duration\": \"326.165\", \"FrameRate\": \"38.281\", \"FrameCount\": \"12486\", \"StreamSize\": \"10437276\", \"BitRate_Mode\": \"CBR\", \"SamplingRate\": \"44100\", \"SamplingCount\": \"14383872\", \"Format_Profile\": \"Layer 3\", \"Format_Version\": \"1\", \"SamplesPerFrame\": \"1152\", \"Compression_Mode\": \"Lossy\", \"StreamSize_Proportion\": \"0.99958\"}]}}',1,'1999-08-22 08:33:25','2021-03-21 18:56:10'),(119,55,'illo',2981975,NULL,3,'1983-05-13 05:01:49','2021-03-21 18:56:10'),(120,5,'expedita',86553,NULL,2,'1980-04-27 05:11:07','2021-03-21 18:56:10'),(121,100,'qui',60167273,NULL,2,'1992-05-15 17:57:52','2021-03-21 18:56:10'),(122,38,'ab',486871,NULL,2,'2002-06-25 21:33:48','2021-03-21 18:56:10'),(123,42,'quia',3,NULL,1,'1987-10-27 07:30:52','2021-03-21 18:56:10'),(124,76,'labore',4,NULL,1,'1989-06-05 07:46:33','2021-03-21 18:56:10'),(125,99,'dolorem',3428804,'{\"media\": {\"@ref\": \"C:\\\\Users\\\\GuD\\\\Pictures\\\\Music\\\\What U Give U Get Back.mp3\", \"track\": [{\"@type\": \"General\", \"Album\": \"Scorpions\", \"Genre\": \"Rock\", \"Title\": \"What U Give U Get Back\", \"Track\": \"What U Give U Get Back\", \"Format\": \"MPEG Audio\", \"Duration\": \"299.049\", \"FileSize\": \"9573949\", \"Performer\": \"Scorpions\", \"AudioCount\": \"1\", \"StreamSize\": \"4356\", \"FileExtension\": \"mp3\", \"OverallBitRate\": \"256000\", \"Track_Position\": \"8\", \"File_Created_Date\": \"UTC 2021-03-20 19:52:52.616\", \"File_Modified_Date\": \"UTC 2019-08-13 07:29:11.648\", \"OverallBitRate_Mode\": \"CBR\", \"File_Created_Date_Local\": \"2021-03-20 22:52:52.616\", \"File_Modified_Date_Local\": \"2019-08-13 10:29:11.648\"}, {\"@type\": \"Audio\", \"Format\": \"MPEG Audio\", \"BitRate\": \"256000\", \"Channels\": \"2\", \"Duration\": \"299.050\", \"FrameRate\": \"38.281\", \"FrameCount\": \"11448\", \"StreamSize\": \"9569593\", \"BitRate_Mode\": \"CBR\", \"SamplingRate\": \"44100\", \"SamplingCount\": \"13188096\", \"Format_Profile\": \"Layer 3\", \"Format_Version\": \"1\", \"SamplesPerFrame\": \"1152\", \"Compression_Mode\": \"Lossy\", \"StreamSize_Proportion\": \"0.99955\"}]}}',1,'1982-06-18 03:38:03','2021-03-21 18:56:10'),(126,40,'distinctio',6,NULL,3,'1984-06-26 15:35:59','2021-03-21 18:56:10'),(127,55,'magnam',92,NULL,3,'1982-12-02 06:29:37','2021-03-21 18:56:10'),(128,96,'voluptatibus',0,NULL,1,'1971-02-06 13:52:57','2021-03-21 18:56:10'),(129,12,'ut',71,NULL,2,'1975-09-10 22:44:47','2021-03-21 18:56:10'),(130,17,'vitae',357,NULL,3,'2002-12-05 19:39:47','2021-03-21 18:56:10'),(131,9,'quasi',7335,NULL,2,'2020-07-04 20:40:14','2021-03-21 18:56:10'),(132,31,'in',644,NULL,1,'2020-10-17 11:23:23','2021-03-21 18:56:10'),(133,53,'repellat',80036832,'{\"media\": {\"@ref\": \"C:\\\\Users\\\\GuD\\\\Pictures\\\\Music\\\\When The Smoke Is Down.mp3\", \"track\": [{\"@type\": \"General\", \"Album\": \"Scorpions\", \"Genre\": \"Rock\", \"Title\": \"When The Smoke Is Down\", \"Track\": \"When The Smoke Is Down\", \"Format\": \"MPEG Audio\", \"Duration\": \"228.257\", \"FileSize\": \"7304638\", \"Performer\": \"Scorpions\", \"AudioCount\": \"1\", \"StreamSize\": \"384\", \"FileExtension\": \"mp3\", \"OverallBitRate\": \"256000\", \"Track_Position\": \"6\", \"File_Created_Date\": \"UTC 2021-03-20 19:52:56.818\", \"File_Modified_Date\": \"UTC 2019-08-13 07:29:11.650\", \"OverallBitRate_Mode\": \"CBR\", \"File_Created_Date_Local\": \"2021-03-20 22:52:56.818\", \"File_Modified_Date_Local\": \"2019-08-13 10:29:11.650\"}, {\"@type\": \"Audio\", \"Format\": \"MPEG Audio\", \"BitRate\": \"256000\", \"Channels\": \"2\", \"Duration\": \"228.258\", \"FrameRate\": \"38.281\", \"FrameCount\": \"8738\", \"StreamSize\": \"7304254\", \"BitRate_Mode\": \"CBR\", \"SamplingRate\": \"44100\", \"SamplingCount\": \"10066176\", \"Format_Profile\": \"Layer 3\", \"Format_Version\": \"1\", \"SamplesPerFrame\": \"1152\", \"Compression_Mode\": \"Lossy\", \"StreamSize_Proportion\": \"0.99995\"}]}}',1,'1988-11-28 01:49:29','2021-03-21 18:56:10'),(134,20,'natus',219,NULL,3,'1985-06-24 16:35:57','2021-03-21 18:56:10'),(135,51,'numquam',9286,NULL,3,'2006-11-25 08:13:35','2021-03-21 18:56:10'),(136,59,'dolore',10,NULL,3,'1997-08-16 08:56:45','2021-03-21 18:56:10'),(137,63,'laudantium',2,NULL,3,'1998-04-11 18:27:37','2021-03-21 18:56:10'),(138,68,'eius',63,NULL,1,'1984-10-15 11:36:34','2021-03-21 18:56:10'),(139,72,'aut',0,NULL,2,'1984-05-07 16:24:40','2021-03-21 18:56:10'),(140,88,'non',30352,NULL,1,'2020-07-01 09:41:08','2021-03-21 18:56:10'),(141,37,'assumenda',610964,NULL,1,'2020-02-03 19:23:10','2021-03-21 18:56:01'),(142,82,'distinctio',208313272,'{\"media\": {\"@ref\": \"C:\\\\Users\\\\GuD\\\\Pictures\\\\Pictures\\\\Landscapes\\\\Fields.jpeg\", \"track\": [{\"@type\": \"General\", \"Format\": \"JPEG\", \"FileSize\": \"527357\", \"ImageCount\": \"1\", \"StreamSize\": \"0\", \"FileExtension\": \"jpeg\", \"File_Created_Date\": \"UTC 2021-03-20 19:53:07.900\", \"File_Modified_Date\": \"UTC 2019-08-12 18:16:57.187\", \"File_Created_Date_Local\": \"2021-03-20 22:53:07.900\", \"File_Modified_Date_Local\": \"2019-08-12 21:16:57.187\"}, {\"@type\": \"Image\", \"Width\": \"1280\", \"Format\": \"JPEG\", \"Height\": \"720\", \"BitDepth\": \"8\", \"ColorSpace\": \"YUV\", \"StreamSize\": \"527357\", \"Compression_Mode\": \"Lossy\", \"ChromaSubsampling\": \"4:2:0\"}]}}',2,'2012-07-06 14:31:31','2021-03-21 18:56:10'),(143,85,'distinctio',9,NULL,1,'1974-02-19 16:23:50','2021-03-21 18:56:10'),(144,7,'occaecati',0,NULL,3,'1980-04-03 21:54:40','2021-03-21 18:56:10'),(145,91,'recusandae',601488,NULL,3,'1987-08-28 00:54:33','2021-03-21 18:56:10'),(146,65,'et',388,NULL,3,'2018-09-18 20:52:08','2021-03-21 18:56:10'),(147,86,'iste',7366259,NULL,2,'2003-04-10 22:24:52','2021-03-21 18:56:10'),(148,41,'ipsam',2,NULL,2,'2010-10-27 15:54:24','2021-03-21 18:56:10'),(149,9,'et',3922,NULL,2,'1995-06-10 08:29:22','2021-03-21 18:56:10'),(150,43,'corporis',6374,NULL,2,'2000-05-13 23:16:11','2021-03-21 18:56:10'),(151,64,'est',238,NULL,2,'1973-03-06 04:37:35','2021-03-21 18:56:10'),(152,90,'recusandae',73445,NULL,3,'1993-08-01 02:53:40','2021-03-21 18:56:10'),(153,22,'nesciunt',401,NULL,3,'2019-07-26 18:54:03','2021-03-21 18:56:10'),(154,100,'vel',3807635,NULL,2,'2011-10-15 22:46:42','2021-03-21 18:56:10'),(155,48,'et',932,NULL,3,'2008-06-24 01:17:35','2021-03-21 18:56:10'),(156,50,'quo',4174306,NULL,3,'1993-02-16 06:54:57','2021-03-21 18:56:10'),(157,100,'molestiae',6540026,NULL,2,'2010-05-26 01:30:14','2021-03-21 18:56:10'),(158,70,'sit',7671964,NULL,1,'1996-12-06 15:44:05','2021-03-21 18:56:10'),(159,41,'qui',231921,NULL,2,'2003-09-07 05:21:10','2021-03-21 18:56:10'),(160,2,'voluptas',51,NULL,1,'1981-04-27 23:44:17','2021-03-21 18:56:10'),(161,96,'nihil',6904,NULL,1,'2016-08-03 22:19:55','2021-03-21 18:56:10'),(162,20,'eum',252797809,'{\"media\": {\"@ref\": \"C:\\\\Users\\\\GuD\\\\Pictures\\\\Music\\\\You And I.mp3\", \"track\": [{\"@type\": \"General\", \"Album\": \"Scorpions\", \"Genre\": \"Rock\", \"Title\": \"You And I\", \"Track\": \"You And I\", \"Format\": \"MPEG Audio\", \"Duration\": \"257.175\", \"FileSize\": \"8233960\", \"Performer\": \"Scorpions\", \"AudioCount\": \"1\", \"StreamSize\": \"4344\", \"FileExtension\": \"mp3\", \"OverallBitRate\": \"256000\", \"Track_Position\": \"12\", \"File_Created_Date\": \"UTC 2021-03-20 19:53:03.189\", \"File_Modified_Date\": \"UTC 2019-08-13 07:29:11.657\", \"OverallBitRate_Mode\": \"CBR\", \"File_Created_Date_Local\": \"2021-03-20 22:53:03.189\", \"File_Modified_Date_Local\": \"2019-08-13 10:29:11.657\"}, {\"@type\": \"Audio\", \"Format\": \"MPEG Audio\", \"BitRate\": \"256000\", \"Channels\": \"2\", \"Duration\": \"257.176\", \"FrameRate\": \"38.281\", \"FrameCount\": \"9845\", \"StreamSize\": \"8229616\", \"BitRate_Mode\": \"CBR\", \"SamplingRate\": \"44100\", \"SamplingCount\": \"11341440\", \"Format_Profile\": \"Layer 3\", \"Format_Version\": \"1\", \"SamplesPerFrame\": \"1152\", \"Compression_Mode\": \"Lossy\", \"StreamSize_Proportion\": \"0.99947\"}]}}',1,'1984-10-06 11:12:25','2021-03-21 18:56:10'),(163,94,'cupiditate',494645370,'{\"media\": {\"@ref\": \"C:\\\\Users\\\\GuD\\\\Pictures\\\\Music\\\\White Dove.mp3\", \"track\": [{\"@type\": \"General\", \"Album\": \"Scorpions\", \"Genre\": \"Other\", \"Title\": \"White Dove\", \"Track\": \"White Dove\", \"Format\": \"MPEG Audio\", \"Duration\": \"255.895\", \"FileSize\": \"8189040\", \"Performer\": \"Scorpions\", \"AudioCount\": \"1\", \"StreamSize\": \"384\", \"FileExtension\": \"mp3\", \"OverallBitRate\": \"256000\", \"Track_Position\": \"4\", \"File_Created_Date\": \"UTC 2021-03-20 19:52:59.853\", \"File_Modified_Date\": \"UTC 2019-08-13 07:29:11.653\", \"OverallBitRate_Mode\": \"CBR\", \"File_Created_Date_Local\": \"2021-03-20 22:52:59.853\", \"File_Modified_Date_Local\": \"2019-08-13 10:29:11.653\"}, {\"@type\": \"Audio\", \"Format\": \"MPEG Audio\", \"BitRate\": \"256000\", \"Channels\": \"2\", \"Duration\": \"255.896\", \"FrameRate\": \"38.281\", \"FrameCount\": \"9796\", \"StreamSize\": \"8188656\", \"BitRate_Mode\": \"CBR\", \"SamplingRate\": \"44100\", \"SamplingCount\": \"11284992\", \"Format_Profile\": \"Layer 3\", \"Format_Version\": \"1\", \"SamplesPerFrame\": \"1152\", \"Compression_Mode\": \"Lossy\", \"StreamSize_Proportion\": \"0.99995\"}]}}',1,'1980-11-18 12:21:46','2021-03-21 18:56:10'),(164,42,'consequatur',38,NULL,2,'1973-10-08 16:23:10','2021-03-21 18:56:10'),(165,15,'ut',96984,NULL,2,'1977-10-07 12:20:23','2021-03-21 18:56:10'),(166,52,'illum',14628628,NULL,1,'1970-05-20 07:33:36','2021-03-21 18:56:10'),(167,78,'ut',6644619,NULL,1,'2009-08-22 20:52:10','2021-03-21 18:56:10'),(168,43,'ea',8,NULL,1,'1980-01-29 16:14:06','2021-03-21 18:56:10'),(169,45,'odit',9,NULL,1,'1978-01-05 13:20:57','2021-03-21 18:56:10'),(170,21,'eum',996673,NULL,2,'1998-07-17 20:36:39','2021-03-21 18:56:10'),(171,72,'nemo',3,NULL,1,'2019-06-20 01:41:23','2021-03-21 18:56:10'),(172,5,'qui',52626318,'{\"media\": {\"@ref\": \"C:\\\\Users\\\\GuD\\\\Pictures\\\\Pictures\\\\Landscapes\\\\City.jpeg\", \"track\": [{\"@type\": \"General\", \"Format\": \"JPEG\", \"FileSize\": \"391054\", \"ImageCount\": \"1\", \"StreamSize\": \"0\", \"FileExtension\": \"jpeg\", \"File_Created_Date\": \"UTC 2021-03-20 19:53:06.687\", \"File_Modified_Date\": \"UTC 2019-08-13 06:46:36.805\", \"File_Created_Date_Local\": \"2021-03-20 22:53:06.687\", \"File_Modified_Date_Local\": \"2019-08-13 09:46:36.805\"}, {\"@type\": \"Image\", \"Width\": \"1280\", \"Format\": \"JPEG\", \"Height\": \"720\", \"BitDepth\": \"8\", \"ColorSpace\": \"YUV\", \"StreamSize\": \"391054\", \"Compression_Mode\": \"Lossy\", \"ChromaSubsampling\": \"4:2:0\"}]}}',1,'1987-10-23 22:17:37','2021-03-21 18:56:10'),(173,69,'est',2171200,NULL,3,'1989-02-11 13:58:51','2021-03-21 18:56:10'),(174,77,'deserunt',7456225,NULL,3,'2012-01-30 22:56:10','2021-03-21 18:56:10'),(175,75,'fugiat',157740,NULL,2,'2001-03-14 17:48:38','2021-03-21 18:56:10'),(176,46,'dolores',8289441,NULL,3,'1971-10-14 13:18:33','2021-03-21 18:56:10'),(177,32,'similique',0,NULL,1,'2000-09-01 22:43:10','2021-03-21 18:56:10'),(178,14,'pariatur',4470877,NULL,1,'2010-04-09 18:26:52','2021-03-21 18:56:10');
/*!40000 ALTER TABLE `media` ENABLE KEYS */;
UNLOCK TABLES;

--
-- Table structure for table `media_types`
--

DROP TABLE IF EXISTS `media_types`;
/*!40101 SET @saved_cs_client     = @@character_set_client */;
/*!50503 SET character_set_client = utf8mb4 */;
CREATE TABLE `media_types` (
  `id` int unsigned NOT NULL AUTO_INCREMENT COMMENT 'Идентификатор строки',
  `name` varchar(255) NOT NULL COMMENT 'Название типа',
  `created_at` datetime DEFAULT CURRENT_TIMESTAMP COMMENT 'Время создания строки',
  `updated_at` datetime DEFAULT CURRENT_TIMESTAMP ON UPDATE CURRENT_TIMESTAMP COMMENT 'Время обновления строки',
  PRIMARY KEY (`id`),
  UNIQUE KEY `name` (`name`)
) ENGINE=InnoDB AUTO_INCREMENT=4 DEFAULT CHARSET=utf8mb4 COLLATE=utf8mb4_0900_ai_ci COMMENT='Типы медиафайлов';
/*!40101 SET character_set_client = @saved_cs_client */;

--
-- Dumping data for table `media_types`
--

LOCK TABLES `media_types` WRITE;
/*!40000 ALTER TABLE `media_types` DISABLE KEYS */;
INSERT INTO `media_types` VALUES (1,'Image','2021-03-21 17:16:47','2021-03-21 17:16:47'),(2,'Video','2021-03-21 17:16:47','2021-03-21 17:16:47'),(3,'Audio','2021-03-21 17:16:47','2021-03-21 17:16:47');
/*!40000 ALTER TABLE `media_types` ENABLE KEYS */;
UNLOCK TABLES;

--
-- Table structure for table `messages`
--

DROP TABLE IF EXISTS `messages`;
/*!40101 SET @saved_cs_client     = @@character_set_client */;
/*!50503 SET character_set_client = utf8mb4 */;
CREATE TABLE `messages` (
  `id` int unsigned NOT NULL AUTO_INCREMENT COMMENT 'Идентификатор строки',
  `from_user_id` int unsigned NOT NULL COMMENT 'Ссылка на отправителя сообщения',
  `to_user_id` int unsigned NOT NULL COMMENT 'Ссылка на получателя сообщения',
  `body` text NOT NULL COMMENT 'Текст сообщения',
  `is_important` tinyint(1) DEFAULT NULL COMMENT 'Признак важности',
  `is_delivered` tinyint(1) DEFAULT NULL COMMENT 'Признак доставки',
  `is_read` tinyint(1) DEFAULT NULL COMMENT 'Признак прочтения',
  `created_at` datetime DEFAULT CURRENT_TIMESTAMP COMMENT 'Время создания строки',
  `updated_at` datetime DEFAULT CURRENT_TIMESTAMP ON UPDATE CURRENT_TIMESTAMP COMMENT 'Время обновления строки',
  PRIMARY KEY (`id`)
) ENGINE=InnoDB AUTO_INCREMENT=276 DEFAULT CHARSET=utf8mb4 COLLATE=utf8mb4_0900_ai_ci COMMENT='Сообщения';
/*!40101 SET character_set_client = @saved_cs_client */;

--
-- Dumping data for table `messages`
--

LOCK TABLES `messages` WRITE;
/*!40000 ALTER TABLE `messages` DISABLE KEYS */;
INSERT INTO `messages` VALUES (1,22,35,'Voluptas corrupti inventore aut ex beatae. Consequatur enim et expedita. Necessitatibus eos quidem officia culpa sit tenetur nulla. Corporis ut occaecati dolorem voluptate hic.',1,0,NULL,'2000-07-21 08:14:10','2021-03-21 18:37:56'),(2,11,91,'Est aut quia aut fugiat reiciendis recusandae iste. Voluptatem reiciendis modi molestias sed. Occaecati est officiis magnam expedita sunt sit et. Voluptates omnis quisquam commodi tempore.',0,0,NULL,'2001-06-24 06:08:01','2021-03-21 18:37:56'),(3,41,72,'Molestias quod doloremque dicta voluptatem quia eum repellat. Provident mollitia aut cum repellat ratione ratione corrupti nesciunt. Recusandae animi reprehenderit amet distinctio ab rerum. Debitis magnam at eos nulla quibusdam reiciendis.',0,1,0,'2012-02-07 02:56:33','2021-03-21 18:42:35'),(4,22,51,'In inventore enim quia eos. Deserunt dolore quod iure. Repellendus blanditiis non distinctio maiores cumque magnam ipsa. Corporis et at provident ut enim animi.',1,1,1,'2011-07-29 11:50:55','2021-03-21 18:42:35'),(5,17,14,'Eos rerum esse aut aperiam officiis omnis eveniet. Ut beatae laudantium recusandae. Est ducimus quibusdam eos cum excepturi voluptates. Ut nemo repudiandae alias ex sint sapiente.',0,0,NULL,'1997-02-23 06:12:51','2021-03-21 18:37:56'),(6,46,28,'Aut aut debitis voluptatibus error minus quasi. Et velit eligendi voluptate. Nemo ipsum sit vero eum. Repellat nesciunt qui hic quia aut in sequi quibusdam. Delectus eos dolorem ipsum a quo quod illo.',1,0,NULL,'2013-02-16 19:03:25','2021-03-21 18:37:56'),(7,18,50,'Sit laudantium quasi iusto officia omnis voluptatem praesentium. Nihil voluptates atque autem esse. Perferendis labore ipsam amet corrupti repellendus iure.',0,0,NULL,'1988-10-15 02:25:43','2021-03-21 18:37:56'),(8,18,99,'Aperiam asperiores itaque impedit dolore. Aut tempore mollitia possimus voluptas doloribus aut ipsa. Temporibus et et sunt consequuntur sint quia placeat laborum. Deserunt quidem aut illum a et perferendis sed.',1,0,NULL,'1989-09-03 15:34:17','2021-03-21 18:37:56'),(9,16,74,'Nesciunt nulla rerum occaecati est nihil. Laborum placeat sed minus placeat quis id nihil. Dignissimos hic delectus cumque cupiditate est. Aut amet sit dolorem et corrupti quis ipsa.',0,1,0,'1990-12-28 07:30:40','2021-03-21 18:42:35'),(10,62,42,'Aut dolorum at quo sequi laboriosam assumenda cupiditate. Facere beatae ex possimus omnis odit quia.',1,0,NULL,'1990-10-16 23:28:31','2021-03-21 18:37:56'),(11,40,61,'Ut aut dolores sed inventore et exercitationem et. Debitis ea saepe explicabo quam reiciendis autem dolor. Reiciendis velit illo vel iste voluptas ad necessitatibus. Hic tempora quis blanditiis voluptatem molestias qui. Sed cum qui facilis voluptatem.',0,0,NULL,'1992-06-18 02:30:33','2021-03-21 18:37:56'),(12,71,48,'Sint dicta qui ea ea unde est. Deleniti consequatur perspiciatis suscipit delectus libero. Beatae veniam enim architecto. Placeat sed vel aspernatur. Suscipit consequatur et cumque quaerat.',1,0,NULL,'2020-10-13 21:54:20','2021-03-21 18:37:56'),(13,71,13,'Rem eligendi eum deserunt architecto officia velit voluptate. Aliquid nulla saepe est nihil. Consequuntur dignissimos sed illo ipsa vitae ut ratione laborum.',1,1,1,'2015-03-06 08:47:35','2021-03-21 18:42:35'),(14,95,11,'Qui error neque nostrum odio ratione autem. Sapiente sunt voluptatem consequuntur enim dolores. Ad aperiam qui nihil nemo dolor. Nostrum ut ut et iste.',1,1,0,'1991-10-27 11:12:26','2021-03-21 18:42:35'),(15,65,29,'In ducimus et aut perferendis. A ea dolorem vel.',0,0,NULL,'2012-02-21 00:48:07','2021-03-21 18:37:56'),(16,35,74,'Eum iure esse est eaque. Distinctio sequi temporibus et aut. Facilis eum omnis tempore. Vitae quia ipsum eum assumenda necessitatibus occaecati.',0,0,NULL,'1980-10-28 16:39:07','2021-03-21 18:37:56'),(17,91,55,'Dolor culpa maiores nemo. Quia ipsam recusandae tenetur est qui eligendi odit a. Omnis similique delectus voluptatem rerum possimus totam.',0,0,NULL,'1991-12-08 15:25:17','2021-03-21 18:37:56'),(18,62,54,'Cumque sit sit natus dolorem officia illo. Cumque aliquid voluptatum sint est numquam aut amet. Voluptatem dignissimos voluptatem quo voluptas rem ea quos voluptatem.',0,1,0,'2001-02-28 01:58:05','2021-03-21 18:42:35'),(19,13,93,'Ea et tempore explicabo asperiores quisquam velit eos aut. Nihil harum pariatur delectus sed nihil voluptas molestiae maiores. Omnis et dolorum dolorem reprehenderit similique quia.',1,0,NULL,'1997-08-26 17:18:39','2021-03-21 18:37:56'),(20,15,40,'Dolorum hic accusamus dicta sed rerum voluptatem. Inventore ut et rerum velit eligendi. Itaque quia et quas. Repellendus commodi incidunt eius optio rem ducimus libero dolor.',1,1,1,'2002-09-25 21:33:08','2021-03-21 18:42:35'),(21,7,59,'Totam et sequi nulla doloremque voluptatem. Expedita beatae praesentium nisi et ea non fugiat. Rerum quod beatae tenetur maiores vel amet commodi ipsa.',0,1,1,'2010-08-04 22:32:52','2021-03-21 18:42:35'),(22,1,49,'Exercitationem cumque quaerat sapiente ut. Nisi aperiam voluptatibus omnis eius sint. Voluptatibus corrupti eaque soluta placeat placeat porro. Omnis fugit qui in.',1,1,0,'2003-01-10 03:08:55','2021-03-21 18:42:35'),(23,7,61,'Libero libero numquam perspiciatis ratione hic laudantium veniam. Officiis qui est animi quia. Fugiat est dolores asperiores officia in est suscipit. Quaerat alias ut quo asperiores odit omnis dicta.',1,1,0,'2017-03-28 13:30:14','2021-03-21 18:42:35'),(24,8,82,'Nostrum sit voluptatibus culpa rerum et facere recusandae. Ut facilis corrupti et beatae. Perferendis provident est quaerat molestiae sed itaque eum. Iste est dolor aut.',0,0,NULL,'2005-12-01 17:05:34','2021-03-21 18:37:56'),(25,88,99,'Sed tempora quae labore sapiente quasi vel sit. Mollitia repudiandae qui autem. Aut vel tempora necessitatibus odio. Autem perspiciatis commodi cum tenetur temporibus dignissimos sed.',1,1,0,'1983-08-24 02:35:40','2021-03-21 18:42:35'),(26,4,99,'Ut odit distinctio amet odit. Dolorem nisi et maxime quasi aperiam harum.',1,1,1,'2003-03-28 17:07:53','2021-03-21 18:42:35'),(27,17,10,'Vitae nesciunt hic sit neque et repellendus in. Magni amet molestias sunt aut sint enim. Laborum corrupti modi ducimus eius accusantium.',1,1,1,'2019-02-14 22:31:27','2021-03-21 18:42:35'),(28,1,88,'Placeat asperiores delectus laboriosam autem. Sint ut temporibus est eaque. Dolorum sit beatae et id doloremque aut repudiandae.',1,0,NULL,'1983-01-21 16:49:39','2021-03-21 18:37:56'),(29,56,64,'Id sunt et unde maxime atque consequatur nihil. Sit hic reprehenderit qui. Assumenda possimus dolorum animi velit sed.',1,1,0,'2005-06-11 01:23:16','2021-03-21 18:42:35'),(30,13,62,'Suscipit qui accusamus illo veniam explicabo modi quis. Eveniet dolores perferendis nihil vero. Repellat iusto explicabo est aperiam consectetur veritatis asperiores.',0,0,NULL,'1980-07-24 09:23:04','2021-03-21 18:37:56'),(31,60,14,'Blanditiis et voluptatem beatae ducimus voluptas quia. Qui molestias consequatur ut numquam assumenda. Incidunt ipsa voluptas soluta optio quasi.',0,1,1,'1994-05-03 03:18:20','2021-03-21 18:42:35'),(32,92,48,'Placeat non explicabo necessitatibus velit velit voluptate. Id voluptate esse rerum rerum magni quam. Quia consequatur voluptatum vel exercitationem perspiciatis vel doloremque. Inventore quam debitis et magnam enim recusandae.',0,1,0,'1985-04-02 21:42:35','2021-03-21 18:42:35'),(33,53,99,'Est accusamus perferendis incidunt esse nulla aut dolor. Reiciendis sed porro illo qui. Voluptatum est molestiae odio ad ipsum nisi ut accusamus. Aut qui illo et id voluptatibus facilis amet.',0,0,NULL,'1996-12-19 03:12:45','2021-03-21 18:37:56'),(34,69,35,'Rerum in aperiam et voluptate. Laborum tempore fuga occaecati corrupti quo praesentium expedita. Dolor iusto assumenda praesentium consequatur libero est.',1,1,0,'2019-05-25 00:41:39','2021-03-21 18:42:35'),(35,11,62,'Eveniet hic libero repellat necessitatibus eum sint cupiditate. Est minima nobis voluptas. Corrupti corporis doloremque molestiae architecto. Sit eum dicta animi aut qui assumenda occaecati.',0,0,NULL,'1986-07-04 12:02:48','2021-03-21 18:37:56'),(36,32,23,'Rerum tempora commodi et odit dolor qui. Facilis rerum voluptatem illo. Impedit sunt nostrum aspernatur. Provident sapiente rerum reiciendis nulla voluptatum nemo.',1,0,NULL,'2006-08-05 10:55:13','2021-03-21 18:37:56'),(37,61,7,'Nihil laborum quo perferendis eos accusamus saepe est perferendis. At perferendis quaerat praesentium quia voluptatem quibusdam non. Minima placeat et illo qui ratione non autem.',1,0,NULL,'1988-10-18 12:37:49','2021-03-21 18:37:56'),(38,27,47,'Ipsa eum aut reprehenderit sit. Ex blanditiis ipsam hic delectus fugit est et. Et adipisci odio aut inventore libero perspiciatis.',1,0,NULL,'1971-05-22 11:31:13','2021-03-21 18:37:56'),(39,65,30,'Cumque ullam et inventore suscipit cupiditate recusandae omnis neque. Consectetur voluptas animi suscipit omnis et modi molestias mollitia. Nesciunt quo et consectetur doloremque nostrum id quas molestiae.',1,0,NULL,'2003-01-24 19:12:33','2021-03-21 18:37:56'),(40,91,56,'Eius eveniet cupiditate eos qui ex. Quod est ea perspiciatis consequuntur et voluptatem rerum. Nemo sunt suscipit distinctio doloribus adipisci. Et aut cum quas qui maxime corrupti sunt vel.',1,1,0,'2006-09-06 01:25:50','2021-03-21 18:42:35'),(41,45,100,'Ut provident perspiciatis est aut cupiditate. Alias unde sed autem suscipit architecto consectetur. Praesentium natus aperiam in velit. Sapiente ratione eos quis et.',1,1,1,'1974-04-29 04:45:28','2021-03-21 18:42:35'),(42,3,64,'Ut quo dolor praesentium architecto praesentium odit inventore. Exercitationem vero sunt cumque quaerat a debitis incidunt. Non ipsam fugiat autem accusamus et fugiat quas.',1,0,NULL,'1985-06-05 06:47:15','2021-03-21 18:37:56'),(43,28,9,'Delectus quibusdam repellat dignissimos aspernatur corrupti quis. Debitis dignissimos quibusdam exercitationem corporis sunt. Velit temporibus aut autem vel rem aut. Et eligendi occaecati qui quia. Est vero qui facere voluptatibus nulla corrupti molestias.',1,0,NULL,'1997-09-02 04:43:24','2021-03-21 18:37:56'),(44,90,63,'Soluta dicta culpa sint et pariatur. Architecto necessitatibus laborum aspernatur quisquam. Atque quo quidem iste dolor non voluptates.',0,1,1,'1995-06-06 17:59:11','2021-03-21 18:42:35'),(45,94,62,'Quas aut et qui autem praesentium. Quo quis amet cum dolore cum nihil eligendi. Porro ea architecto perspiciatis illo.',0,0,NULL,'1988-01-25 09:16:53','2021-03-21 18:37:56'),(46,66,93,'Aspernatur blanditiis et repellat. Odio quia dolores rem iusto placeat. Enim illum rerum doloremque facilis. Et sit dolore quisquam et sint perspiciatis.',0,1,0,'1988-06-13 06:09:40','2021-03-21 18:42:35'),(47,17,6,'Totam ex sed dolor reprehenderit. Ducimus hic dolor nihil saepe sunt dolorem. Sit quasi eveniet inventore.',1,0,NULL,'1982-10-04 05:43:58','2021-03-21 18:37:56'),(48,72,23,'Sit harum provident aut est deleniti voluptas corrupti consequatur. Quaerat rem beatae fuga culpa et veniam. Quo qui laborum aut illo.',0,1,1,'2000-10-05 03:07:59','2021-03-21 18:42:35'),(49,30,67,'Rem quis ut dolorum quo cumque et. Tenetur ea quod aut ut odit enim earum. Quas non et eaque aperiam sequi modi nulla quia.',0,1,0,'2002-06-01 23:07:33','2021-03-21 18:42:35'),(50,37,39,'Id sapiente amet iure. Quam praesentium qui consequuntur. Non praesentium ut reprehenderit sed quas. Hic rerum eos dignissimos aut autem consequatur ut.',0,0,NULL,'2015-05-03 09:23:02','2021-03-21 18:37:56'),(51,25,20,'Sunt voluptates et ea alias est. Amet fuga eveniet rerum quia dignissimos quis. Consequatur officia qui velit dolores. Quis quae est suscipit minus et. Iure quod vel corporis ab ut.',1,1,0,'2016-09-01 02:22:46','2021-03-21 18:42:35'),(52,27,88,'Voluptatem ut corporis aut reiciendis. Facilis atque cupiditate dolores et vitae esse modi. Qui eos et culpa. Quia qui et veniam molestiae.',0,1,0,'1974-06-26 18:39:01','2021-03-21 18:42:35'),(53,36,29,'Sint autem et laborum est. Voluptas consequuntur dolorem dolores cumque deleniti officiis esse. Nisi beatae voluptatem modi culpa veritatis odit deserunt dolores.',1,1,1,'2002-10-02 13:52:31','2021-03-21 18:42:35'),(54,100,9,'Atque deleniti est non iste qui id. Qui quos qui rerum omnis. Consequatur nihil dolorem doloribus voluptatem dolorum officia vero.',1,0,NULL,'2013-07-11 17:49:55','2021-03-21 18:37:56'),(55,97,24,'Occaecati inventore voluptatem est. Consequatur tempore ipsum tempore natus quos sed. Qui sint et quis libero. Praesentium quae facilis nostrum deserunt totam enim.',1,0,NULL,'1974-03-22 07:44:46','2021-03-21 18:37:56'),(56,91,43,'Est qui repellat error ratione qui inventore. Dignissimos nemo amet ad cum. Est totam cum magni quo fugiat et. Consequatur corporis et commodi qui delectus sed. Labore enim ad eum earum recusandae autem sit quidem.',1,0,NULL,'1993-12-22 12:34:45','2021-03-21 18:37:56'),(57,32,95,'Ut et tempore debitis quod. Fuga tempora magnam ex. Dicta voluptas voluptatibus qui qui rerum.',0,1,0,'2003-08-16 21:01:02','2021-03-21 18:42:35'),(58,22,8,'Ut temporibus tempora laudantium quia libero. Corrupti repellat et corrupti placeat. Natus nemo perspiciatis earum itaque commodi minima velit.',0,0,NULL,'2009-09-02 18:22:41','2021-03-21 18:37:56'),(59,27,8,'Ut quo dolorem ut voluptatem consectetur. Amet quod nobis eveniet impedit. Non temporibus eius earum sint fugiat et sint.',1,1,1,'1999-05-31 14:34:01','2021-03-21 18:42:35'),(60,37,73,'Optio molestias accusamus et culpa qui. Voluptatem eos vel commodi. Aut placeat unde commodi et cumque. Dolorem rerum vitae voluptatem nam quis nihil nihil enim.',0,0,NULL,'1970-12-12 18:54:07','2021-03-21 18:37:56'),(61,91,10,'Reprehenderit recusandae aut sit maiores qui eos eaque sed. Repudiandae alias est tempore reiciendis. Maiores maxime non recusandae enim quae.',0,1,0,'2018-03-29 04:18:50','2021-03-21 18:42:35'),(62,73,28,'Et ipsum facilis ea natus. Id aliquam ut aut impedit cupiditate voluptas quasi. Autem at ipsam explicabo sit. Voluptas officia et et tenetur voluptas.',1,0,NULL,'1993-06-03 18:16:06','2021-03-21 18:37:56'),(63,4,42,'Est consequatur facilis eum architecto iste. Non et omnis est consequatur. Et aut qui veritatis cum architecto voluptatem non. Suscipit ut cupiditate fuga quos. Neque inventore omnis quam ut et.',0,1,0,'2010-03-10 18:38:46','2021-03-21 18:42:35'),(64,8,41,'Culpa consequuntur et ipsum aut recusandae repellendus delectus. Et similique est dolor quas eveniet. Ea ratione fuga ad blanditiis accusamus. Nisi delectus saepe facilis possimus quia et.',1,0,NULL,'2008-02-16 11:02:18','2021-03-21 18:37:56'),(65,51,74,'Sint occaecati non id quia. Dolorem voluptatibus laudantium laboriosam autem suscipit enim amet. Vel rerum nihil accusantium. Eveniet aut minima sapiente rerum.',1,1,1,'1972-02-14 02:16:58','2021-03-21 18:42:35'),(66,87,89,'Pariatur voluptatem ipsam veritatis omnis. Deserunt quaerat temporibus consequatur nemo nisi. In fugiat quidem quas ipsa rerum laborum omnis at. Enim autem est cumque quisquam corrupti non.',1,1,1,'2005-11-01 17:06:26','2021-03-21 18:42:35'),(67,41,34,'Consequatur molestiae voluptatibus hic quasi numquam. Ratione quam sed itaque velit eos. Voluptas consequatur reprehenderit repudiandae nihil sed et.',1,0,NULL,'2017-10-20 01:54:05','2021-03-21 18:37:56'),(68,9,18,'Dolores suscipit voluptatibus molestiae ut. Consequatur distinctio commodi voluptas dolore necessitatibus ea dolorum delectus. Ipsam et facilis tempora explicabo est. Aliquam quibusdam repudiandae minus modi voluptatibus quisquam modi.',0,1,1,'1998-09-20 09:13:18','2021-03-21 18:42:35'),(69,75,64,'A sequi blanditiis corrupti saepe. Fuga commodi et ea. Esse dolores facere tenetur nesciunt rerum voluptates consequuntur.',0,1,0,'1987-04-08 23:30:04','2021-03-21 18:42:35'),(70,2,3,'Ullam nulla dolor voluptatem aut soluta impedit. Ipsam veniam tempore optio aspernatur dolorem accusantium. Reprehenderit quia eum non quos illo aut atque.',1,0,NULL,'2004-06-27 02:56:05','2021-03-21 18:37:56'),(71,23,50,'Assumenda voluptates ab itaque aut. Laborum quod consectetur laboriosam non ea. A autem deleniti necessitatibus qui.',0,1,1,'2015-12-22 04:56:39','2021-03-21 18:42:35'),(72,66,31,'Quasi soluta et ipsum consequatur doloribus voluptatum. Ea aspernatur inventore vitae eos. Aut vel dolorum nemo porro asperiores omnis. Distinctio in ab aperiam dicta quos. Totam est laboriosam qui error.',1,0,NULL,'2016-04-11 05:32:11','2021-03-21 18:37:56'),(73,16,89,'Dolorem nihil delectus quod culpa. Molestiae nobis reiciendis quos quibusdam aspernatur quis. Quia eius vero asperiores. Sunt consequatur nobis quia eum inventore natus neque.',1,1,0,'1994-02-03 23:42:19','2021-03-21 18:42:35'),(74,39,11,'Sint aut dolore aliquid nulla a. Hic accusamus consequatur non aut. Facere necessitatibus odio ea placeat.',1,0,NULL,'2020-01-16 09:29:18','2021-03-21 18:37:56'),(75,14,8,'Est animi eum saepe eos in iure. Hic aliquam dignissimos aliquid saepe aspernatur velit ut. Molestias rerum sit minima sed provident earum reprehenderit.',1,1,1,'1996-05-27 21:47:11','2021-03-21 18:42:35'),(76,7,80,'Quia doloribus exercitationem quidem provident sunt laboriosam necessitatibus. Saepe iure aut odio omnis. Cumque voluptatibus quidem praesentium.',1,1,1,'1998-06-11 06:40:41','2021-03-21 18:42:35'),(77,75,37,'Tempora quis iusto id error at consequatur aut. Culpa minus iusto voluptates quisquam molestiae minus.',1,1,1,'1985-12-28 11:46:27','2021-03-21 18:42:35'),(78,50,30,'Incidunt consequatur similique quo cumque. Et ab culpa atque vero commodi est voluptas sequi.',1,1,0,'1979-03-05 14:10:19','2021-03-21 18:42:35'),(79,63,97,'Ratione non est ducimus. Omnis asperiores nihil eum veniam. Magnam quis vero reprehenderit porro voluptas adipisci. Et expedita rerum laborum deleniti aut id.',0,0,NULL,'1983-08-22 21:01:29','2021-03-21 18:37:56'),(80,11,16,'Et ea molestiae delectus. Aperiam beatae est ut nesciunt qui impedit voluptatum voluptas.',0,0,NULL,'1989-10-23 03:11:20','2021-03-21 18:37:56'),(81,8,61,'Ipsa eum consequuntur maiores illo velit explicabo. Nisi doloribus laboriosam sint quo. Delectus animi quae vitae et ut asperiores. Id deserunt et ea rerum rerum sint.',1,0,NULL,'2007-09-02 15:06:07','2021-03-21 18:37:56'),(82,7,84,'Porro inventore ut qui. Eum modi eligendi quaerat provident consectetur. Suscipit qui quis modi reiciendis natus et et. A ut necessitatibus maxime sed.',1,1,1,'1970-07-25 03:09:44','2021-03-21 18:42:35'),(83,70,18,'Voluptas ut molestiae magni rerum eius exercitationem hic. Officiis et consectetur odio voluptas nostrum debitis. Ut aperiam maiores tempore in nihil dolorem id expedita. Qui quod ad ducimus in quas non.',1,0,NULL,'1999-04-11 18:34:30','2021-03-21 18:37:56'),(84,79,87,'Vel quae voluptatem deserunt aspernatur. Aut quod minima dolore unde rerum sunt ducimus. Unde ut neque eos. Alias tempore delectus dolor sapiente neque possimus aliquid. Qui dignissimos qui atque quia atque.',1,0,NULL,'2019-03-07 09:58:10','2021-03-21 18:37:56'),(85,89,91,'Culpa alias et ipsum quo. Possimus quia rerum nemo ratione voluptas necessitatibus error. Temporibus ea est beatae amet sed.',1,1,1,'1974-06-25 19:28:49','2021-03-21 18:42:35'),(86,55,40,'Nam culpa et eaque officiis. Asperiores consequatur dolores impedit maiores iure ut. Soluta et a dolore quia itaque inventore dolorum. Ab repudiandae delectus esse voluptates blanditiis maiores.',0,0,NULL,'2017-02-06 06:20:06','2021-03-21 18:37:56'),(87,64,89,'Labore deserunt velit consequatur dolores animi est. Sapiente nesciunt et assumenda aut tempora dolorum. Ut ducimus nihil minus error nobis. Accusantium omnis consequuntur iusto fugit eius.',0,1,1,'1991-09-23 11:21:07','2021-03-21 18:42:35'),(88,91,82,'Eveniet debitis quasi libero. Minus minima laudantium eaque soluta quisquam sit. Ut velit aut quibusdam nam perferendis. Laudantium voluptatibus sit fuga officiis numquam ut.',0,0,NULL,'1979-11-20 10:18:41','2021-03-21 18:37:56'),(89,98,67,'Est voluptatem sint officia. Blanditiis aliquid quia similique mollitia amet. Illo voluptas et cum esse consequatur eaque magnam.',1,0,NULL,'2019-02-26 00:09:48','2021-03-21 18:37:56'),(90,81,24,'Quasi eius beatae quam reprehenderit ut nisi. Tempore nisi exercitationem consectetur tempora natus eius dicta. Dicta recusandae sit voluptas.',0,0,NULL,'2015-12-12 02:46:26','2021-03-21 18:37:56'),(91,87,20,'Laborum laudantium impedit facilis et necessitatibus ut. Dolorum vel et veritatis ratione velit amet. Earum voluptatem exercitationem ut aut voluptas modi. Id corporis excepturi eligendi in.',1,0,NULL,'1995-03-10 09:31:56','2021-03-21 18:37:56'),(92,61,11,'Aspernatur nesciunt quas est qui est ullam rerum consequatur. Fugiat qui et rerum et. Voluptates non ipsa officiis officiis id eum.',1,0,NULL,'2020-11-10 02:53:56','2021-03-21 18:37:56'),(93,19,65,'Adipisci libero consequatur quod sequi. Qui dolorem aut quo fugit. Odit consequatur nostrum veritatis.',1,0,NULL,'2009-12-31 21:51:09','2021-03-21 18:37:56'),(94,73,12,'Sint ratione suscipit sed doloremque praesentium. Error autem cumque in minima excepturi. Facere non ipsum tenetur illum dolor facilis ratione laborum. Quam dolore adipisci possimus reprehenderit corporis officia.',1,0,NULL,'2005-03-26 04:12:42','2021-03-21 18:37:56'),(95,19,66,'Unde eaque beatae eveniet. Ratione aliquam inventore ut aliquam odit ex voluptatem. Eum harum explicabo tempore vel corporis nam incidunt incidunt.',0,1,1,'1979-08-04 10:30:03','2021-03-21 18:42:35'),(96,76,83,'Autem et doloremque dolores delectus qui. Ullam quaerat quasi asperiores aut eum. Esse vel rerum tenetur culpa est. Perferendis velit beatae aut aut ipsum et.',1,0,NULL,'2009-11-22 04:09:10','2021-03-21 18:37:56'),(97,96,94,'Et numquam quibusdam deleniti sequi iure. Tempore saepe ut perspiciatis nam et id velit.',0,0,NULL,'1972-10-03 14:13:59','2021-03-21 18:37:56'),(98,19,46,'Est ratione ut rerum eveniet optio. Asperiores debitis et ut. Esse velit veritatis explicabo harum ratione molestias officia.',0,1,0,'2002-07-18 04:21:15','2021-03-21 18:42:35'),(99,97,33,'Officiis consequuntur velit harum libero fugiat consequuntur. Incidunt repudiandae aliquam quia culpa rerum quis. Perspiciatis officiis et voluptate sunt quaerat iure.',1,0,NULL,'1983-07-14 10:00:32','2021-03-21 18:37:56'),(100,73,74,'Fugiat asperiores sit quasi facilis voluptatem debitis dolorem. Veniam vel eius nesciunt aut et magnam cupiditate. Commodi voluptatem rerum modi quas voluptatem.',0,1,0,'2007-09-23 22:59:19','2021-03-21 18:42:35'),(101,83,10,'Possimus repudiandae inventore necessitatibus exercitationem. Dignissimos velit non veniam. Architecto atque et nesciunt veritatis quae quae. Maxime ea dicta maxime quis consequuntur.',0,1,1,'1992-12-28 07:51:53','2021-03-21 18:42:35'),(102,52,7,'Ea et molestiae quia molestiae praesentium. Optio necessitatibus vero cumque eum ipsam ut. Accusantium in minus ad doloribus consequatur eveniet. Ipsa sint dolor voluptatibus incidunt esse quis.',1,1,1,'2013-01-16 13:20:43','2021-03-21 18:42:35'),(103,15,64,'Culpa enim voluptatem aut labore et qui ut porro. Repudiandae velit aut maiores excepturi. Officiis reprehenderit accusamus error alias quo.',1,1,1,'1985-08-28 03:46:59','2021-03-21 18:42:35'),(104,30,95,'Sequi maxime vel quisquam excepturi quidem vitae. Quisquam nesciunt omnis et rerum voluptate.',1,1,1,'1989-04-28 23:11:06','2021-03-21 18:42:35'),(105,25,76,'Itaque ipsa minima et architecto. Excepturi ut aut enim expedita reprehenderit nostrum vel.',1,0,NULL,'2006-11-12 22:27:42','2021-03-21 18:37:56'),(106,70,96,'Praesentium delectus et dignissimos ea vitae accusamus. Voluptate nihil est vitae rerum nam soluta. Vero temporibus accusantium nisi sint illum excepturi veniam. Velit ipsam et sunt eligendi eum vel tempore.',1,0,NULL,'2000-12-15 03:13:14','2021-03-21 18:37:56'),(107,29,37,'Aperiam voluptatem nihil tenetur est cupiditate aut temporibus illo. Eos unde molestiae dolores asperiores. Voluptas provident commodi sint soluta eligendi maxime.',1,0,NULL,'2020-08-17 15:01:25','2021-03-21 18:37:56'),(108,75,94,'Error rem et mollitia. Modi incidunt recusandae doloribus libero qui omnis dignissimos. Accusantium sapiente quo architecto asperiores veniam. Mollitia consequatur qui ullam qui.',1,1,1,'1973-05-19 19:50:36','2021-03-21 18:42:35'),(109,72,60,'Repellendus maxime nostrum pariatur. Qui quisquam quibusdam officiis rerum tempore. Occaecati distinctio aut minus enim soluta tempore dolores. Illum et quia magni nostrum.',0,1,1,'1993-06-20 14:53:41','2021-03-21 18:42:35'),(110,83,57,'Quia ab aut quibusdam perferendis quasi optio. In enim ad et et recusandae ea esse. Rem adipisci voluptate ipsum et fuga quaerat est. Omnis blanditiis cupiditate quis eaque accusantium animi odio. Repudiandae dignissimos debitis et est delectus.',1,0,NULL,'2018-02-02 07:29:34','2021-03-21 18:37:56'),(111,99,71,'Optio error consequatur facilis. Tempore alias maxime aut ut perferendis atque molestias. Unde consequatur sit eveniet qui enim modi qui.',1,0,NULL,'1982-07-22 03:03:01','2021-03-21 18:37:56'),(112,53,74,'Iure exercitationem doloremque iste sequi dolorem. Rerum eveniet saepe architecto. Excepturi quibusdam quia qui non. Voluptatibus ducimus molestiae odio. Optio possimus dolores nisi voluptas eos necessitatibus dolores.',0,1,0,'1972-03-29 01:42:33','2021-03-21 18:42:35'),(113,12,59,'Cupiditate culpa qui culpa quis. Molestiae placeat cum nihil voluptas. Dolor maiores assumenda voluptatem alias nam.',1,1,0,'1979-12-11 06:24:05','2021-03-21 18:42:35'),(114,39,77,'Adipisci illum molestiae et. Qui ullam velit est ea exercitationem non. Ratione tenetur quae qui distinctio rerum vero quis voluptatem. Doloribus quibusdam corrupti aliquam sed.',1,0,NULL,'2015-09-27 11:17:01','2021-03-21 18:37:56'),(115,18,88,'Quas vel velit vel. Qui distinctio voluptatem deleniti dolor et doloremque eos. Quam ut placeat maxime consequuntur aut.',1,0,NULL,'2020-10-03 00:17:59','2021-03-21 18:37:56'),(116,76,41,'Est ut qui expedita aut cumque deserunt. Maiores fugit quidem fugit sed aliquid adipisci excepturi. Et repellat nemo voluptatem quis consequatur natus in. Qui sequi voluptatem et omnis perferendis sed porro omnis.',0,1,0,'1994-03-31 03:00:35','2021-03-21 18:42:35'),(117,70,14,'Consequatur et qui necessitatibus soluta corporis magnam deleniti. Corrupti voluptatibus nesciunt quisquam dolores. Explicabo cum eius magnam aperiam eum ut veniam. Aperiam quam ducimus maxime.',1,0,NULL,'1988-11-19 05:05:59','2021-03-21 18:37:56'),(118,37,21,'Deserunt repellat minima repudiandae fuga est hic. Et dolorem occaecati a ipsa ex ad. Dolorum eos unde vitae libero rem assumenda.',1,1,0,'1998-05-14 23:25:46','2021-03-21 18:42:35'),(119,28,26,'Atque vel aut quia minus corporis omnis dolor. Omnis dolore corrupti beatae aliquam est. Molestias sunt explicabo quia quaerat ad. Dicta nesciunt harum nemo saepe doloribus cum vero.',0,1,1,'1980-10-30 11:58:55','2021-03-21 18:42:35'),(120,71,86,'Maxime facilis laboriosam voluptatem quia. Sed unde ducimus possimus accusamus.',0,0,NULL,'1997-04-15 08:50:04','2021-03-21 18:37:56'),(121,58,33,'Voluptatum dolore consectetur nobis illo fuga ea tenetur dolores. Est odit dicta eos porro. Deserunt veniam dolor ullam velit.',0,1,1,'1984-04-14 02:16:00','2021-03-21 18:42:35'),(122,96,19,'Perspiciatis culpa autem accusantium iusto beatae. Repellendus nemo quibusdam ea iusto similique ea voluptas. Minima cum vitae at assumenda culpa aperiam tenetur excepturi. Et laborum sint ipsum rem beatae voluptatibus.',1,0,NULL,'1999-08-09 12:55:10','2021-03-21 18:37:56'),(123,65,3,'Quae minima dolor ea ab totam est non odit. Error vel atque dicta est nemo doloremque. Est autem est vel id dicta rerum.',1,1,1,'2013-02-25 16:54:39','2021-03-21 18:42:35'),(124,96,29,'Et adipisci odit accusamus sed enim quis quis laudantium. Debitis tenetur error unde culpa ea qui. Quia rerum distinctio dignissimos placeat sed minima.',0,1,0,'1974-12-10 22:53:21','2021-03-21 18:42:35'),(125,36,80,'Dicta praesentium et odio sunt asperiores rerum iure. Reprehenderit corrupti sed magnam dolorem. Soluta quia dolores quo.',1,0,NULL,'1975-08-03 19:09:38','2021-03-21 18:37:56'),(126,72,3,'Expedita illum autem aliquid dolor aut. Ducimus harum rerum necessitatibus rerum dicta. Quia vel fuga quia dolores perspiciatis qui. Fuga voluptatem rem illum iusto in.',0,0,NULL,'1975-12-25 13:20:58','2021-03-21 18:37:56'),(127,39,96,'Et tempora deserunt cumque architecto. Sint quo alias temporibus delectus doloremque magnam amet. Autem ipsum et culpa veritatis aut facilis.',1,1,0,'2000-04-07 04:03:54','2021-03-21 18:42:35'),(128,99,66,'Quis enim modi deserunt ut sit iure velit. Suscipit doloremque odio et temporibus quis. Excepturi aut est fugit.',0,1,1,'2010-05-20 13:16:50','2021-03-21 18:42:35'),(129,81,100,'Enim et at non dolor qui maxime. Odio quis iste rerum totam sit aut. Asperiores id sapiente quod quia quisquam rem alias.',0,1,1,'2005-09-17 20:39:54','2021-03-21 18:42:35'),(130,17,5,'Omnis aut laboriosam unde quia repellendus. Dignissimos quasi mollitia sit quidem libero aut. Labore temporibus sint molestiae aut distinctio quae qui.',1,1,0,'1977-06-22 17:25:02','2021-03-21 18:42:35'),(131,81,95,'Deleniti dolorum necessitatibus harum quam. Maxime error quia earum omnis laborum. Aut quibusdam ut numquam velit. Aut quis debitis non reprehenderit nobis autem.',0,0,NULL,'1983-03-13 15:43:03','2021-03-21 18:37:56'),(132,96,87,'Aliquam sed commodi dolores dolorem. Voluptas et similique alias quam ut.',1,0,NULL,'2016-03-07 00:20:18','2021-03-21 18:37:56'),(133,83,36,'Consequatur quibusdam dolore vel. Sit accusamus vel ad quae. Est et voluptas omnis rerum. Id saepe veniam veritatis omnis voluptatibus dolor inventore.',0,0,NULL,'1985-05-08 02:24:53','2021-03-21 18:37:56'),(134,59,24,'Sint accusantium unde sed et. Ut vero dolores quo non. Velit qui omnis doloribus deleniti exercitationem est. Eos iusto et rerum est molestiae ad.',0,1,1,'2016-07-10 12:41:52','2021-03-21 18:42:35'),(135,80,87,'Et voluptatem ut blanditiis tempore iusto. Dolorum quos ut aut qui commodi. Enim et aut est possimus enim sed.',0,0,NULL,'1973-12-05 06:52:46','2021-03-21 18:37:56'),(136,54,83,'Nesciunt similique eius quo eum unde voluptatem. Error rem placeat nesciunt sunt qui et blanditiis eligendi. Beatae dolorum rem repellat qui possimus sit. Maiores aut beatae culpa ut minus ratione.',0,1,1,'2012-12-06 08:30:26','2021-03-21 18:42:35'),(137,94,95,'Pariatur quia quasi voluptates. Qui nihil a quibusdam est doloremque. Aut dolorum similique necessitatibus ut sunt ut et.',0,0,NULL,'1972-11-29 18:18:58','2021-03-21 18:37:56'),(138,77,66,'Quaerat et alias in debitis. Excepturi est amet et. Porro ad saepe consequatur et. Quam velit dolorum et iure nostrum et provident.',0,1,1,'2013-06-11 13:05:33','2021-03-21 18:42:35'),(139,100,18,'Eaque quia eveniet illum eveniet natus rem. Harum sint in sit quam quis culpa. Autem facere consectetur aperiam eius totam sit.',0,0,NULL,'1986-08-15 17:44:37','2021-03-21 18:37:56'),(140,22,63,'Exercitationem quo voluptate blanditiis quos eos dolor dolorem. Sed eum quibusdam consequatur praesentium aut. Aperiam aut eaque dolorem impedit. Sed magni repellendus corrupti rerum rerum vero quae. Illum occaecati rem ut aliquam dolorem saepe.',0,0,NULL,'1985-01-16 22:54:57','2021-03-21 18:37:56'),(141,34,6,'Quod magnam nihil quo eum est velit adipisci. Sequi facilis blanditiis magnam ab enim velit. Accusantium magnam aliquam animi itaque. At aut ab iste earum.',0,0,NULL,'1976-07-10 07:34:57','2021-03-21 18:37:56'),(142,32,89,'Amet quasi dolores numquam. Repudiandae et velit perspiciatis et. Commodi nisi quo nulla eum esse assumenda et.',0,1,0,'1984-05-20 20:22:42','2021-03-21 18:42:35'),(143,7,98,'Animi commodi voluptas doloribus omnis possimus. Eveniet est eum saepe totam ipsam corporis sapiente natus. Beatae eum blanditiis perferendis consequuntur dolores recusandae alias.',0,0,NULL,'1985-11-05 15:53:38','2021-03-21 18:37:56'),(144,17,38,'Rerum possimus aut voluptate at quis. Qui qui excepturi tempore cupiditate id repudiandae.',0,1,1,'2007-12-19 22:27:17','2021-03-21 18:42:35'),(145,57,78,'Est inventore accusantium et iusto fuga distinctio dicta. Illo perspiciatis sit vitae consectetur voluptas fugit omnis dolorem. Rerum fugit non aut dolore quasi ab.',0,1,0,'1985-08-06 10:35:12','2021-03-21 18:42:35'),(146,40,27,'Illum omnis quisquam neque nihil error aut eos. Corporis eaque rerum id vitae sit. Quo quia cumque et quae dolores. Mollitia doloribus harum eum earum.',1,0,NULL,'2004-12-29 13:38:08','2021-03-21 18:37:56'),(147,37,29,'Fugit provident tempora est veritatis. Et consequatur fugit facilis et recusandae est ut. Et doloribus sed iure vel. Qui natus autem error occaecati doloremque.',0,0,NULL,'1980-11-10 23:18:58','2021-03-21 18:37:56'),(148,32,80,'Doloremque doloremque qui voluptate quam facilis. A ut molestiae laudantium dolorem dolorem. Aut amet et pariatur quo dicta.',0,1,1,'1981-03-28 21:23:50','2021-03-21 18:42:35'),(149,27,1,'Eos quam tempore sint voluptatem aperiam quia sed. Consequatur et ab similique ut magnam illo. Ad voluptatem nam et aliquid est provident est. Voluptas sint aperiam nobis ut possimus nobis et.',0,1,1,'2009-10-10 09:34:24','2021-03-21 18:42:35'),(150,18,91,'Vel et tempore est. Molestiae aut sint occaecati id dolore.',0,0,NULL,'2016-02-21 23:13:35','2021-03-21 18:37:56'),(151,83,54,'Quasi aliquam quibusdam error provident et qui nostrum. Velit id omnis quaerat facere voluptas saepe eveniet. Voluptatem nesciunt illum iste iure.',0,0,NULL,'1993-05-28 05:24:45','2021-03-21 18:37:56'),(152,31,90,'Provident neque ex inventore dolorum molestiae corrupti voluptatem. Ut fuga dolorem aliquid qui harum est laborum. Ut est laudantium fugiat maiores necessitatibus aut.',1,0,NULL,'1982-12-10 21:57:01','2021-03-21 18:37:56'),(153,100,96,'Molestias ea dolorem porro omnis. Est illo et consequuntur quas quia. Non illo assumenda dolor dicta veniam et qui eos.',1,0,NULL,'1984-07-31 05:06:17','2021-03-21 18:37:56'),(154,54,4,'Dolore optio magnam cupiditate quis. Ut molestias dolor id voluptatem. Optio ullam veniam in recusandae cumque qui. Molestiae numquam ipsam illo necessitatibus natus vitae maxime.',0,1,1,'1991-01-26 03:55:59','2021-03-21 18:42:35'),(155,65,35,'Et id ipsum saepe quaerat unde omnis et. Qui ea eum aliquam ipsum praesentium voluptatem ipsum. Dolor quae beatae id nisi quaerat.',0,0,NULL,'1999-10-06 14:14:27','2021-03-21 18:37:56'),(156,91,81,'Vero accusantium magni ipsam ipsa. Eos saepe laborum sint sit. Incidunt voluptatem corporis et rerum praesentium.',0,0,NULL,'2015-07-03 17:57:05','2021-03-21 18:37:56'),(157,48,34,'Eos omnis tempora eum laboriosam qui voluptatem. Nisi ad in reiciendis. Ipsa dicta ut placeat illo nobis et.',0,0,NULL,'2013-04-17 16:24:13','2021-03-21 18:37:56'),(158,46,14,'Quia sed ut asperiores vero officiis cum blanditiis. Aspernatur maxime accusamus rerum totam numquam natus. Dolore velit ad quibusdam dicta porro. Dolores exercitationem quas debitis dolores minus eum.',0,0,NULL,'2005-04-15 20:24:21','2021-03-21 18:37:56'),(159,85,19,'Ipsum eum perferendis ut veritatis. Voluptatibus necessitatibus nesciunt vel. Pariatur quam saepe neque quia. Nulla ut est fugit dicta expedita provident fuga. Quae nihil quasi velit atque aut consequuntur occaecati.',1,0,NULL,'1978-06-30 02:59:43','2021-03-21 18:37:56'),(160,51,5,'Suscipit et necessitatibus eum quos. Ducimus quo pariatur nemo odit ea consectetur suscipit. Dolores illo porro neque laudantium corporis asperiores qui. Ipsum exercitationem molestias qui ullam sequi.',1,1,1,'2015-03-25 22:03:55','2021-03-21 18:42:35'),(161,84,87,'Delectus ipsam in veritatis rerum et temporibus mollitia. Quia dolor rerum eligendi alias reiciendis eius culpa deserunt. Sed laborum illo laboriosam dolores qui eos.',1,0,NULL,'2020-07-24 23:12:40','2021-03-21 18:37:56'),(162,7,3,'Reprehenderit consectetur incidunt nesciunt et. Eaque magnam reprehenderit rem placeat ab non temporibus eos. Corporis excepturi minus consequatur dolore et vel beatae. Distinctio omnis id voluptatum culpa. Veritatis molestiae asperiores cumque placeat deserunt veritatis dignissimos.',1,1,0,'1983-05-21 17:18:32','2021-03-21 18:42:35'),(163,11,42,'Autem non nihil laudantium assumenda est earum earum. Necessitatibus dolores delectus odit distinctio numquam. Tempora sint voluptatem aliquid vero nostrum. Et quo aut dolor porro ab illum non autem.',1,1,1,'2019-04-28 15:46:19','2021-03-21 18:42:35'),(164,21,74,'Omnis excepturi dolores id eveniet. Dolorum exercitationem reiciendis omnis aut molestiae eligendi id.',0,0,NULL,'1977-07-20 07:20:10','2021-03-21 18:37:56'),(165,95,40,'Et reiciendis eos doloribus sunt voluptas. Ut rerum ipsa sunt aut laudantium nesciunt rerum. Quisquam consequatur quasi et commodi voluptatum tempore qui. Neque ipsum aliquam est neque.',0,0,NULL,'2015-03-07 06:23:32','2021-03-21 18:37:56'),(166,56,34,'Eveniet molestiae aliquam error est eos praesentium. Sed ut exercitationem dolore voluptatem enim. Earum consequatur id debitis ea omnis. Nihil in necessitatibus unde natus.',1,0,NULL,'1974-11-27 04:06:52','2021-03-21 18:37:56'),(167,36,17,'Ad dignissimos amet culpa est qui dolorem totam. Molestiae sed rerum aut tempore ut non. Eum ea excepturi omnis sit. Tenetur vel aut aut eveniet.',1,0,NULL,'2008-08-01 17:48:05','2021-03-21 18:37:56'),(168,84,64,'Perspiciatis voluptas doloremque minus rem aspernatur. Recusandae nostrum eaque doloribus facere excepturi tenetur molestias. Dolor qui dolores odio deleniti.',0,0,NULL,'2012-01-23 19:02:22','2021-03-21 18:37:56'),(169,57,70,'Molestias eos pariatur nihil. Est eveniet dolore dolores aspernatur fugit non. Debitis velit magnam aut nulla. Doloremque dignissimos ratione quis necessitatibus saepe iure.',1,1,0,'1973-07-11 15:47:23','2021-03-21 18:42:35'),(170,90,84,'Rerum laudantium et unde explicabo officiis id. Rerum ut nobis totam similique fugiat deserunt non. Aliquid ratione ut placeat. Nostrum non doloribus deleniti recusandae nostrum similique architecto.',0,0,NULL,'1974-12-23 01:53:56','2021-03-21 18:37:56'),(171,77,28,'Aut dolor quaerat harum praesentium velit nam tempore rem. Consequatur nam et et. Sit fugit a magnam consequatur. Deserunt voluptatibus vel et officiis cum voluptates.',1,1,0,'2008-07-17 20:27:54','2021-03-21 18:42:35'),(172,42,63,'Magnam sunt minima sed aliquam. Dolores veritatis nihil qui optio. Qui aut cum et ut fugit illum iure.',1,0,NULL,'1971-01-17 16:00:14','2021-03-21 18:37:56'),(173,66,18,'Consequatur ut explicabo dolores fugit. Quidem quibusdam fugiat aperiam aperiam neque vitae dolores voluptates. Quibusdam et sed veniam pariatur voluptates consequatur aut.',1,1,1,'2005-08-13 11:49:38','2021-03-21 18:42:35'),(174,100,71,'Beatae ut consectetur sit sit soluta fugiat non. Quae aut nesciunt illum numquam ipsam cum.',0,1,0,'2006-01-04 00:38:57','2021-03-21 18:42:35'),(175,62,1,'Voluptatum quidem consequatur sed ut voluptatem sunt. Sint ex repellat ipsam cumque. Ea praesentium est autem neque delectus est. Reiciendis facere ea doloribus atque.',1,0,NULL,'2001-01-26 07:50:49','2021-03-21 18:37:56'),(176,62,47,'Vel velit ut reprehenderit odio harum et. Et iusto consectetur minima quis. Possimus vero eaque ullam ut et. Iusto ut voluptatem quaerat enim eos qui debitis dolores.',1,1,1,'2021-02-04 05:46:53','2021-03-21 18:42:35'),(177,75,41,'Deserunt aut consequatur et et animi atque quia assumenda. Doloribus quisquam numquam excepturi in sed. Velit qui architecto quaerat facere culpa autem sit.',1,0,NULL,'2006-04-02 05:19:58','2021-03-21 18:37:56'),(178,75,10,'Ea quia architecto sapiente expedita repellat. Reiciendis aspernatur inventore qui optio et. Amet rerum repellendus corrupti est maiores non.',0,1,1,'1976-02-18 08:35:10','2021-03-21 18:42:35'),(179,26,47,'Qui ut nihil molestias quia sed. Sunt suscipit ab hic omnis.',1,1,0,'2008-06-19 09:43:14','2021-03-21 18:42:35'),(180,46,62,'Veritatis et ullam ipsam qui error nisi voluptatibus. Voluptatibus ratione reiciendis fuga et. Voluptas hic vel est nesciunt maxime.',0,1,0,'2009-04-05 07:13:17','2021-03-21 18:42:35'),(181,70,91,'Voluptatibus a rerum omnis totam facere. Rerum est possimus autem cupiditate incidunt. In distinctio alias porro voluptatem. Distinctio modi nam et qui nisi.',0,1,0,'2003-08-03 04:59:44','2021-03-21 18:42:35'),(182,85,90,'Dolorum nihil nemo cupiditate sit. Debitis autem ut minus voluptatum. Ipsa exercitationem illo est quo aut et amet sed. Facilis veniam rerum nemo.',0,1,1,'1998-09-16 18:23:01','2021-03-21 18:42:35'),(183,63,39,'Sit aut consequatur consequuntur ab ut voluptatem mollitia. Magni consequatur quis rerum laudantium enim unde ex. Recusandae officiis voluptatum aut ullam.',1,1,0,'1997-08-04 16:37:22','2021-03-21 18:42:35'),(184,46,59,'Non recusandae optio sint a nihil. Deserunt illo sapiente similique temporibus quia nam mollitia eligendi. Provident eos beatae aperiam iusto enim a voluptatibus. Id natus id tempore voluptatum ipsum. Sint velit sit reiciendis doloremque nulla.',1,0,NULL,'1985-04-15 09:59:00','2021-03-21 18:37:56'),(185,63,10,'Sapiente et modi quaerat est. Possimus iste veniam incidunt impedit praesentium fuga deserunt. Dicta praesentium nisi quam quod enim sed.',0,1,0,'2011-03-21 20:45:15','2021-03-21 18:42:35'),(186,63,71,'Officia nobis sed ut tenetur officiis. Eius nesciunt deleniti eum ut. Quis voluptates consequatur deserunt voluptatem tenetur nihil eligendi voluptas.',0,1,0,'2019-06-17 03:06:42','2021-03-21 18:42:35'),(187,34,59,'Ipsa reiciendis voluptas pariatur veniam ut esse aut. Repellat doloribus in porro est. Quis neque ut ut voluptatem architecto exercitationem.',1,1,0,'2014-04-10 11:33:07','2021-03-21 18:42:35'),(188,37,82,'Dolorem culpa sapiente dolor sit eveniet eius. Quasi harum officiis quia sed repellendus molestias ut voluptate. Impedit qui et odio.',0,1,1,'1996-07-26 03:22:57','2021-03-21 18:42:35'),(189,35,66,'Ducimus sequi est non vitae aperiam. Omnis totam at magnam quam a quaerat alias. Esse deleniti voluptatum consectetur officia doloribus asperiores a. Eos quasi numquam pariatur accusantium.',1,1,0,'2007-04-20 01:27:42','2021-03-21 18:42:35'),(190,70,92,'Sed amet aperiam quas reprehenderit. Exercitationem omnis sint quo distinctio sunt quis. Beatae quo vel rerum cum. Voluptas repellat voluptatem autem commodi accusamus ut at.',0,0,NULL,'1974-10-12 11:22:37','2021-03-21 18:37:56'),(191,70,81,'Animi dolor consequatur molestiae. Mollitia error ab commodi. Inventore excepturi tempora commodi optio est. Et sit reprehenderit dolorem repudiandae dolores.',0,0,NULL,'1974-03-20 20:01:47','2021-03-21 18:37:56'),(192,88,41,'Sunt sed dignissimos voluptas qui. Ducimus inventore recusandae dolor earum totam dolor deserunt. Occaecati id sed qui vel aut. Reiciendis nisi omnis enim aut nulla voluptates.',0,1,0,'1976-08-09 13:01:39','2021-03-21 18:42:35'),(193,18,13,'A enim veritatis sunt debitis voluptas inventore. Quia est excepturi ut tempora et nobis quia eum. Repellendus et veritatis sed vitae vel quia dolor.',0,1,0,'1994-04-19 14:23:17','2021-03-21 18:42:35'),(194,17,65,'Rem unde harum consequatur harum quam unde ex. Excepturi quae et ut quis vel veritatis quis. Repellendus occaecati maxime facilis laboriosam.',1,1,1,'2012-04-18 20:35:36','2021-03-21 18:42:35'),(195,14,66,'Iusto saepe cupiditate totam et magnam et. Fugit quia ex architecto laboriosam voluptas et. Mollitia rem provident distinctio corrupti ipsam ex optio. Ut sit ab adipisci libero nemo labore excepturi. Quia omnis molestiae rerum voluptatem consectetur dolor neque.',1,1,0,'1993-07-07 10:24:53','2021-03-21 18:42:35'),(196,34,100,'Reprehenderit eos alias corporis autem dolores aut. Error voluptatem officiis consequatur eos dolores. Quia illum illo voluptatibus omnis et amet porro. Voluptatibus odit quo vero ducimus sed quidem.',0,0,NULL,'1994-03-13 11:46:25','2021-03-21 18:37:56'),(197,13,44,'Ipsam perferendis rem libero et nam eveniet perspiciatis ea. Voluptas ipsum vero pariatur commodi et maiores voluptatem voluptatem. Iste mollitia sed nisi cupiditate tempora. Ut ut ipsa voluptate perferendis.',1,1,1,'2002-01-07 18:43:21','2021-03-21 18:42:35'),(198,70,27,'Veniam quidem accusantium ipsum maxime. Ut voluptatum dolorem fugit fugit excepturi aperiam. Expedita illum in odit iusto ut sunt. Aliquam consequuntur ut repellat qui id omnis. Ea quae fuga voluptas ipsum.',1,0,NULL,'2019-01-30 11:41:24','2021-03-21 18:37:56'),(199,13,2,'Dolorem esse consectetur deleniti tempora. Perferendis nulla voluptatibus eveniet dolores. Distinctio ea delectus consequuntur omnis voluptas et. Accusamus sit recusandae nostrum repellat reiciendis perferendis.',0,1,1,'1992-09-04 14:56:27','2021-03-21 18:42:35'),(200,58,86,'Dolorem quia impedit ut. Explicabo occaecati consequatur ratione totam. Provident nisi voluptatem quia earum voluptatem.',0,1,0,'1984-08-05 20:58:06','2021-03-21 18:42:35'),(201,38,99,'Eum veritatis eos adipisci. Dicta distinctio neque voluptatem magni qui. Corporis consequuntur sit occaecati sequi. Molestias nemo voluptates cumque.',1,0,NULL,'1995-05-27 11:18:03','2021-03-21 18:37:56'),(202,100,75,'Tempora nihil delectus unde fugit. Nihil sed magni aut velit. Consequuntur qui voluptatem nulla dolores neque est qui.',0,1,0,'2010-11-18 03:09:22','2021-03-21 18:42:35'),(203,3,96,'Voluptatem aut illum eos eos est eos. Autem maxime quia recusandae fuga. Sapiente facilis quia perspiciatis voluptates corrupti voluptatem quam voluptas. Sunt non fuga natus consequuntur consequatur voluptas excepturi. Voluptate non sapiente rem dolore.',0,0,NULL,'2004-02-11 21:44:11','2021-03-21 18:37:56'),(204,45,26,'Excepturi ut corrupti soluta laudantium excepturi quas pariatur vero. Minima sed vel fugiat aliquam quas. Exercitationem quia aperiam perferendis et dolore fuga. At fuga reprehenderit quis sit qui rerum.',0,0,NULL,'1991-12-08 19:42:05','2021-03-21 18:37:56'),(205,31,21,'Aut saepe nam aut minima nam. Et quaerat minima aut quasi rerum tempore nulla. Reiciendis quia porro placeat voluptas reprehenderit modi doloremque ullam. Aperiam perferendis et in quo et.',0,0,NULL,'2017-06-16 05:07:03','2021-03-21 18:37:56'),(206,76,74,'Ea blanditiis illum qui omnis et. Aperiam dolor id sequi nostrum. Autem atque sint nostrum earum laborum perferendis atque. Quas aut porro magni similique nostrum.',0,0,NULL,'1970-10-24 07:13:21','2021-03-21 18:37:56'),(207,28,68,'Fugiat quasi ut ut reprehenderit. Inventore distinctio autem possimus dicta optio qui.',1,0,NULL,'1997-08-07 20:19:42','2021-03-21 18:37:56'),(208,86,51,'Fuga non blanditiis aut culpa. Id est qui praesentium expedita ratione voluptates provident et. Inventore odit deleniti possimus qui doloremque voluptates.',1,0,NULL,'1971-01-10 07:52:05','2021-03-21 18:37:56'),(209,10,51,'Consequuntur sapiente enim molestiae eos maxime optio. Ut omnis in dolorem laboriosam iure id eius. Voluptatum omnis molestiae quos ut.',0,1,1,'2020-09-08 04:13:42','2021-03-21 18:42:35'),(210,47,33,'Fugiat quisquam odit dolorem qui ipsum dolorem officia. Incidunt iusto ex est consequatur. Officia fugit facere deleniti pariatur.',1,0,NULL,'2014-09-16 16:26:13','2021-03-21 18:37:56'),(211,27,16,'Dolorem fugiat doloribus eaque quo dolorem aut nihil ad. Dolores omnis autem inventore necessitatibus. Fugit saepe distinctio ratione eveniet illum necessitatibus deleniti. Ut corporis culpa id autem debitis temporibus eum voluptate.',1,1,0,'2016-06-14 08:56:18','2021-03-21 18:42:35'),(212,64,60,'Qui nobis alias aspernatur officiis officia porro nulla nobis. Non ut enim recusandae eveniet dolorem. Rem expedita quae illum tempore.',0,0,NULL,'1974-01-06 21:53:48','2021-03-21 18:37:56'),(213,14,73,'Natus odio eum at numquam ut. Placeat omnis consectetur qui soluta doloribus et. Ad id enim repellat suscipit maxime ab tenetur. Et possimus iure neque sed ipsa rerum vel.',0,0,NULL,'1970-07-20 05:55:43','2021-03-21 18:37:56'),(214,33,50,'Amet explicabo et et iure dolore quaerat. Voluptas nihil eius sapiente quo. Delectus veritatis reiciendis nulla in optio impedit.',0,0,NULL,'1976-02-14 10:31:39','2021-03-21 18:37:56'),(215,33,83,'Nihil quia quia iure excepturi explicabo ea. Autem sunt ea molestiae quibusdam et. Et aperiam occaecati sequi. Rerum sapiente doloremque neque ipsam sunt aspernatur fuga.',1,1,1,'2007-05-08 10:42:57','2021-03-21 18:42:35'),(216,21,20,'Dolorem aut nesciunt sequi ut. Facilis facere eius quis mollitia consequatur eum. Ullam aspernatur nemo id nihil. Distinctio a ea reprehenderit itaque debitis ut incidunt.',0,1,1,'2003-11-28 21:17:42','2021-03-21 18:42:35'),(217,57,51,'Minus quaerat dolor consequatur sunt. Enim nihil autem qui tenetur ut labore. Illo itaque animi dicta voluptas at voluptates ut.',0,1,0,'1997-10-14 15:52:29','2021-03-21 18:42:35'),(218,72,18,'Asperiores mollitia inventore id impedit. Ut et sunt voluptate omnis.',0,1,1,'2018-03-24 03:05:09','2021-03-21 18:42:35'),(219,52,5,'Dignissimos veritatis dolores perspiciatis ut. Necessitatibus accusamus culpa qui tenetur eligendi fuga.',1,1,0,'2003-03-19 12:02:11','2021-03-21 18:42:35'),(220,56,77,'Et est eius quas quaerat. Excepturi ut quae aut dolor non.',1,1,0,'1996-03-21 09:27:42','2021-03-21 18:42:35'),(221,77,62,'Doloribus et dolor maiores qui itaque eius. Explicabo sit sequi cupiditate. Nesciunt deleniti porro sequi ut id quibusdam. Sit iste illo in temporibus consequatur. Ratione quaerat adipisci est maxime iste.',1,0,NULL,'1981-03-02 08:08:46','2021-03-21 18:37:56'),(222,43,42,'Ex pariatur quo ea occaecati tempora exercitationem. Consequatur sit quibusdam nesciunt cum eum molestias. Libero quia voluptates et in quos minima eos.',1,1,0,'1981-05-21 14:30:30','2021-03-21 18:42:35'),(223,98,70,'Exercitationem dolores optio error ex. Eum vel enim aut esse. Porro enim enim velit. Doloremque ex eum blanditiis quas maiores.',0,1,0,'1992-05-10 14:23:35','2021-03-21 18:42:35'),(224,20,65,'Dolore vel et quia est. Occaecati ut et et qui quis in rerum et. Eius sit perspiciatis commodi consequuntur rerum impedit.',0,1,1,'1976-12-08 23:45:23','2021-03-21 18:42:35'),(225,14,76,'Doloremque impedit similique quos. Enim autem qui tempora est dolor. Fugiat aut ea facere accusantium. Qui est delectus eligendi dicta ut voluptatem qui.',0,1,0,'1970-10-29 09:25:34','2021-03-21 18:42:35'),(226,68,8,'Vel libero neque et nam consequatur totam. Quia voluptatem et et. Est ut minima eligendi sint iusto. Sunt et placeat rerum aut.',1,1,1,'1973-07-25 21:48:54','2021-03-21 18:42:35'),(227,31,61,'Aliquam saepe consectetur temporibus voluptate. Deleniti voluptas laborum libero expedita minus. Praesentium facere cumque consectetur aut totam velit saepe.',0,0,NULL,'2013-01-31 09:15:21','2021-03-21 18:37:56'),(228,39,19,'Non occaecati quam quia deleniti voluptas. Debitis et eos provident unde. Quam dolores corrupti necessitatibus est et consectetur.',0,0,NULL,'1993-11-11 07:44:11','2021-03-21 18:37:56'),(229,16,72,'Dolor voluptas est veritatis voluptatem sit neque aut. Impedit quas ipsum consequatur ut qui et placeat. Ex nobis quibusdam dolor nulla et expedita enim iste.',0,0,NULL,'2000-12-26 23:38:57','2021-03-21 18:37:56'),(230,47,41,'Earum recusandae in numquam sint omnis occaecati. Tempora autem voluptas aspernatur. Et saepe dolores voluptatem harum corporis. Cupiditate nobis at quia facere occaecati laudantium quia.',0,0,NULL,'1973-03-15 21:16:25','2021-03-21 18:37:56'),(231,54,88,'Corrupti atque qui nesciunt eveniet repellendus. Temporibus provident quia est atque unde nostrum. Aut dolores porro perspiciatis repudiandae et et unde. Velit nihil repellendus eum rerum dignissimos voluptatem ullam. Quae voluptatibus amet aut non ea quaerat itaque.',0,1,0,'1976-12-26 07:15:42','2021-03-21 18:42:35'),(232,82,20,'Quisquam repudiandae nihil tempore aut. Ex magni voluptatibus sed blanditiis vero et. Quo veniam in ut harum.',0,1,0,'1976-09-14 22:15:14','2021-03-21 18:42:35'),(233,90,53,'Placeat assumenda omnis quia nihil. Ipsam blanditiis quia laboriosam. Omnis est sed ullam amet error error aut.',0,0,NULL,'2011-11-11 09:26:02','2021-03-21 18:37:56'),(234,2,97,'Ut rem corporis nihil temporibus consequatur occaecati quisquam. In ut omnis laborum quas molestiae consequatur maiores. Quia adipisci est aut occaecati. Ad tempora consequuntur iusto quia. Dolores dolorum incidunt a est.',1,0,NULL,'1997-04-21 15:48:40','2021-03-21 18:37:56'),(235,87,78,'Nihil sed culpa autem consequatur ad dolorem. Laboriosam ullam in iure voluptatem. Soluta illo quis consequatur molestias.',1,1,0,'1998-06-09 05:47:58','2021-03-21 18:42:35'),(236,35,57,'In illum id nulla modi. Distinctio aliquid id neque debitis fugit sed dolore cupiditate. Quis voluptas provident non et fugit ipsum et. Fugit id amet sunt pariatur optio dolore.',1,0,NULL,'2012-11-26 23:07:49','2021-03-21 18:37:56'),(237,61,26,'Eos doloremque qui totam et expedita voluptas. Nihil error sapiente dolorem ea ut eius adipisci.',0,1,1,'1995-05-21 15:39:38','2021-03-21 18:42:35'),(238,56,68,'Aut saepe quia non velit. Atque ut saepe sunt culpa officiis quia. Magnam qui sed consectetur consectetur.',0,1,0,'1974-12-21 06:39:38','2021-03-21 18:42:35'),(239,37,82,'Voluptatem quibusdam eius fuga labore sint. Dolorum modi quam sit soluta enim. Illo nobis laboriosam laborum doloremque quis.',1,1,0,'2017-02-25 13:54:25','2021-03-21 18:42:35'),(240,93,78,'Repudiandae debitis at velit impedit. Dolorem suscipit nemo ea ut harum qui. Sed sed sunt libero debitis eaque. Eos mollitia perspiciatis eaque molestias.',0,0,NULL,'1997-01-22 14:10:42','2021-03-21 18:37:56'),(241,64,43,'Molestiae odio officiis pariatur commodi sequi dicta. Voluptatem maiores quia porro magni consectetur tenetur aliquid officia. Natus atque autem quae qui non. Modi molestias voluptatibus voluptates eaque.',0,0,NULL,'1989-10-12 14:23:06','2021-03-21 18:37:56'),(242,77,37,'Corporis qui rerum unde. Possimus iste consectetur amet eos asperiores accusantium. Accusamus debitis ut sapiente impedit inventore. Alias dolorem et dolorum quisquam ipsum velit quia.',1,1,0,'1999-07-08 21:13:34','2021-03-21 18:42:35'),(243,42,2,'Aspernatur quo eaque doloremque in voluptas error nihil ab. Assumenda voluptatibus eligendi quo. Autem rem laborum tenetur non et.',0,1,0,'2010-12-14 00:26:03','2021-03-21 18:42:35'),(244,54,83,'Pariatur molestias error architecto est vel. Iste occaecati beatae doloremque. Et neque earum reprehenderit eligendi illum ut placeat. Sunt quis quasi officia fugiat quo doloremque quasi.',1,1,1,'1987-01-17 18:48:06','2021-03-21 18:42:35'),(245,69,92,'Qui aut ut quaerat neque expedita. Numquam labore tempore maiores et sed.',1,1,0,'1986-04-25 03:11:44','2021-03-21 18:42:35'),(246,65,82,'Et est maiores sit repudiandae aliquam rem odio. Est omnis et libero dolor omnis. Sed at aut consequatur rem qui dolorem accusantium.',1,0,NULL,'1978-10-17 17:48:31','2021-03-21 18:37:56'),(247,72,21,'Similique quo pariatur earum. Ad aut autem sit. Quaerat et et assumenda at. Hic reiciendis ut et. Quibusdam saepe voluptatum necessitatibus molestias vitae maxime et.',1,1,1,'2015-12-04 12:39:06','2021-03-21 18:42:35'),(248,61,97,'Aut similique possimus fugit mollitia. Maiores voluptatem exercitationem tempore in sunt quia. Quia omnis voluptatum omnis vitae quidem non. Dolorem voluptatem necessitatibus qui cumque.',1,1,1,'1979-04-23 03:23:29','2021-03-21 18:42:35'),(249,19,38,'Nemo quae architecto ut sed blanditiis architecto id fugit. Ea in ipsum dignissimos ipsam omnis id sunt.',0,1,1,'2001-11-29 02:43:40','2021-03-21 18:42:35'),(250,25,56,'Voluptas doloremque dolore libero est tempora id modi. Dolores mollitia mollitia nihil et quod occaecati ea magnam. Rerum sed dolores repellendus illo saepe suscipit doloremque. Est repudiandae consequuntur repellat ullam necessitatibus voluptatem. Labore et est optio omnis.',0,1,0,'1976-06-10 19:45:19','2021-03-21 18:42:35'),(251,27,88,'Modi tempore asperiores consectetur laborum. Velit veniam eligendi et ipsam voluptas nisi repudiandae. Sed tenetur ut earum iste a sed. Placeat placeat iusto et quisquam est.',0,1,1,'1996-11-12 12:06:02','2021-03-21 18:42:35'),(252,74,15,'Tempore fugit in vel deserunt dolores. Cupiditate incidunt necessitatibus vel sed culpa eos. Facere repellat beatae provident. Exercitationem odio consequatur sit est odio.',1,0,NULL,'1980-02-25 06:31:02','2021-03-21 18:37:56'),(253,8,6,'Modi quis culpa sunt aut animi. Doloribus et sunt possimus unde eaque. Sed sed perferendis quia eius in quo. Vitae sed non quae ut.',1,1,1,'2015-06-07 00:21:34','2021-03-21 18:42:35'),(254,24,99,'Temporibus fugiat minima cum porro iusto. Quibusdam voluptatem culpa voluptates accusamus. Minus repudiandae quis cumque sit ut minus quae. Nihil dolorem cum explicabo voluptatem praesentium nobis. Id qui excepturi consequatur ab.',0,0,NULL,'2012-02-18 19:17:21','2021-03-21 18:37:56'),(255,19,77,'Eius iusto totam dolorem sint illo voluptatibus. Qui qui corrupti aperiam dolores. Consequuntur non consequuntur veniam quod.',0,0,NULL,'1991-06-12 22:26:04','2021-03-21 18:37:56'),(256,4,21,'Possimus velit quas et sint est odio impedit. Placeat perspiciatis consequuntur necessitatibus cupiditate nihil repellat. Eum sequi sit ipsum deserunt autem cupiditate.',1,1,0,'2004-04-12 01:38:24','2021-03-21 18:42:35'),(257,58,99,'Consequuntur distinctio distinctio iure eius quis vel. Ex laborum molestias dolor accusantium dolores. Numquam accusantium accusantium optio tenetur tenetur.',1,1,0,'1990-07-24 07:51:52','2021-03-21 18:42:35'),(258,84,68,'Et eos reiciendis voluptatum esse odit voluptas. Odio dicta fugiat ut enim.',0,1,1,'2010-12-23 05:29:02','2021-03-21 18:42:35'),(259,90,17,'Ipsa et voluptate repellat illo laudantium et illum. Voluptas consequatur vero consequatur enim consequatur ipsa omnis esse. Ut consectetur repudiandae expedita sit adipisci sint beatae eius. Natus nihil voluptatibus nesciunt quas reprehenderit.',1,1,1,'1979-01-11 20:17:04','2021-03-21 18:42:35'),(260,3,67,'Illo officia quo atque. Rerum cum aut similique excepturi. Sunt et voluptas minus doloribus aspernatur ut culpa harum. Est tempore rerum at eaque non veniam quam.',1,0,NULL,'2015-02-07 19:42:23','2021-03-21 18:37:56'),(261,67,15,'Sunt quisquam omnis iusto accusamus. Porro rerum alias commodi rem voluptate. Molestiae eum rerum quis.',0,1,0,'1992-08-01 14:55:00','2021-03-21 18:42:35'),(262,84,28,'Ex molestias magni officiis iure ad. Doloribus quam ut omnis sed ea hic eveniet. Ut omnis modi reiciendis ex debitis deleniti tempore. Veniam molestiae voluptatem qui repellendus qui voluptates architecto.',0,0,NULL,'2018-06-03 01:26:40','2021-03-21 18:37:56'),(263,33,11,'Ducimus sit delectus error consectetur. Assumenda ea et quia rerum sit delectus. Tempora iusto animi sapiente sit delectus dicta ut. Debitis consequatur voluptatem maxime maiores.',0,1,1,'1992-02-18 04:39:28','2021-03-21 18:42:35'),(264,95,15,'Veniam aperiam qui placeat. Quo commodi doloribus ab veniam. Rerum aut cum officiis aliquid quo non placeat cum. Voluptatem alias laboriosam possimus.',0,1,1,'2000-04-19 22:13:47','2021-03-21 18:42:35'),(265,11,99,'Qui unde autem blanditiis iure qui qui deserunt. Tempore praesentium amet accusamus ipsa beatae. Aliquam maiores pariatur quasi tenetur quis natus saepe molestiae. Ut quasi id asperiores voluptas natus quibusdam.',1,0,NULL,'1992-05-29 05:22:13','2021-03-21 18:37:56'),(266,46,83,'Deleniti libero sit blanditiis dolores quia sint. Officiis facere adipisci qui quis repellat sunt.',1,1,0,'2013-11-10 12:31:27','2021-03-21 18:42:35'),(267,97,46,'Labore quis dignissimos distinctio distinctio distinctio voluptas. Odit voluptate dolor aperiam rerum consequatur velit. Possimus eum ipsam sit et qui consectetur veritatis. Voluptates dolorum pariatur et pariatur.',0,1,1,'2016-06-04 00:30:01','2021-03-21 18:42:35'),(268,86,29,'Qui saepe vel blanditiis laboriosam reprehenderit aut. Accusamus officiis blanditiis blanditiis delectus dolor non eos. Dolorem sed odio fuga illum quod in facere incidunt.',1,0,NULL,'2009-10-29 19:18:24','2021-03-21 18:37:56'),(269,28,99,'Nihil exercitationem soluta incidunt corrupti perspiciatis. Reprehenderit commodi qui consequatur. Assumenda quas quo consequatur sit. Delectus pariatur sint fugiat excepturi est quo.',1,1,1,'1983-10-22 04:59:47','2021-03-21 18:42:35'),(270,8,2,'Voluptatem tempora fuga voluptatibus dolorem. Dicta expedita id cumque omnis.',0,0,NULL,'2002-04-08 03:15:33','2021-03-21 18:37:56'),(271,48,26,'Rem in labore saepe facere quisquam tempora. Animi exercitationem ut ducimus et doloribus accusantium ratione. Animi ea nam dignissimos maxime voluptatibus aut sapiente.',0,0,NULL,'2007-01-17 14:09:21','2021-03-21 18:37:56'),(272,99,82,'Similique ipsum odit mollitia rerum tempore beatae nobis repellendus. Est consequatur inventore voluptatem velit ea voluptate. Temporibus facilis cupiditate saepe repudiandae ut delectus. Non harum sit esse tenetur rem ut aspernatur.',1,0,NULL,'1994-08-15 03:53:13','2021-03-21 18:37:56'),(273,15,19,'Autem exercitationem dolorem id laboriosam totam. Sapiente asperiores ut odio. Beatae accusamus id similique ducimus non sapiente.',1,1,0,'2017-02-18 10:45:02','2021-03-21 18:42:35'),(274,81,48,'Est minima consequuntur enim voluptatibus qui ea. Error earum rerum voluptate laudantium dicta libero. Aut distinctio quasi rem qui et nam optio nostrum. Nihil quam deserunt eos quibusdam porro.',0,1,1,'2001-02-23 08:08:01','2021-03-21 18:42:35'),(275,57,87,'Quasi illum velit recusandae alias expedita ex laudantium. Reiciendis perferendis cum suscipit hic quia maiores occaecati. Voluptatem suscipit nihil id porro ullam delectus.',1,0,NULL,'2011-03-12 17:50:13','2021-03-21 18:37:56');
/*!40000 ALTER TABLE `messages` ENABLE KEYS */;
UNLOCK TABLES;

--
-- Table structure for table `profiles`
--

DROP TABLE IF EXISTS `profiles`;
/*!40101 SET @saved_cs_client     = @@character_set_client */;
/*!50503 SET character_set_client = utf8mb4 */;
CREATE TABLE `profiles` (
  `user_id` int unsigned NOT NULL COMMENT 'Ссылка на пользователя',
  `first_name` varchar(100) NOT NULL COMMENT 'Имя пользователя',
  `last_name` varchar(100) NOT NULL COMMENT 'Фамилия пользователя',
  `patronymic_name` varchar(100) DEFAULT NULL COMMENT 'Отчество пользователя',
  `gender_id` int unsigned DEFAULT NULL,
  `birthday` date DEFAULT NULL COMMENT 'Дата рождения',
  `photo_id` int unsigned DEFAULT NULL COMMENT 'Ссылка на основную фотографию пользователя',
  `user_status_id` int unsigned DEFAULT NULL,
  `city` varchar(130) DEFAULT NULL COMMENT 'Город проживания',
  `country` varchar(130) DEFAULT NULL COMMENT 'Страна проживания',
  `created_at` datetime DEFAULT CURRENT_TIMESTAMP COMMENT 'Время создания строки',
  `updated_at` datetime DEFAULT CURRENT_TIMESTAMP ON UPDATE CURRENT_TIMESTAMP COMMENT 'Время обновления строки',
  PRIMARY KEY (`user_id`)
) ENGINE=InnoDB DEFAULT CHARSET=utf8mb4 COLLATE=utf8mb4_0900_ai_ci COMMENT='Профили';
/*!40101 SET character_set_client = @saved_cs_client */;

--
-- Dumping data for table `profiles`
--

LOCK TABLES `profiles` WRITE;
/*!40000 ALTER TABLE `profiles` DISABLE KEYS */;
INSERT INTO `profiles` VALUES (1,'Jeramy','Reichert','Daija',1,'1982-01-22',NULL,8,'Schadenmouth','Sweden','1976-07-06 21:54:52','2021-03-21 18:55:37'),(2,'Lonny','Fadel','Alex',1,'1993-08-17',NULL,8,'Sanfordburgh','Heard Island and McDonald Islands','1982-09-06 14:38:39','2021-03-21 18:55:37'),(3,'Jayden','Murray','Jerald',1,'1978-02-12',NULL,9,'Lake Adalinestad','Western Sahara','2003-02-19 14:02:41','2021-03-21 18:55:49'),(4,'Dannie','VonRueden','Catalina',2,'2005-05-01',163,5,'Franeckifort','Saint Barthelemy','1979-01-27 06:43:17','2021-03-21 18:55:49'),(5,'Jayson','Carroll','Aurore',2,'2014-05-08',NULL,3,'East Maudechester','Paraguay','1997-10-04 09:18:57','2021-03-21 18:52:16'),(6,'Hannah','Brown','Richard',1,'2020-03-11',NULL,3,'New Destinfurt','Benin','1985-02-12 18:02:55','2021-03-21 18:55:49'),(7,'Delfina','Berge','Irwin',1,'1986-10-06',166,1,'Gussiefurt','Madagascar','1983-02-25 20:50:47','2021-03-21 18:55:49'),(8,'Bailee','Marvin','Dominic',1,'1982-06-24',132,2,'Gradyside','Bangladesh','1972-09-30 22:53:32','2021-03-21 18:55:49'),(9,'Juwan','Larkin','Verner',2,'2017-03-20',NULL,5,'Port Paulineborough','Guyana','1970-03-16 10:42:58','2021-03-21 18:55:37'),(10,'Jacinto','Harris','Nia',2,'1973-07-05',158,9,'Boyleland','United Arab Emirates','1981-07-23 00:27:52','2021-03-21 18:55:49'),(11,'Lulu','Mills','Nelle',2,'1977-04-11',NULL,8,'South Alechaven','Malaysia','2012-07-08 09:05:11','2021-03-21 18:52:16'),(12,'Antonia','Stiedemann','Rebeca',1,'1973-09-06',30,10,'Gaylordbury','Saint Helena','1974-11-11 04:35:35','2021-03-21 18:55:49'),(13,'Fabian','Douglas','Andrew',1,'2006-09-10',NULL,3,'Cortezmouth','Denmark','2019-12-13 21:02:11','2021-03-21 18:55:49'),(14,'Sydnee','Kris','Chadrick',2,'1986-10-05',NULL,2,'Erdmanfurt','Northern Mariana Islands','1981-02-12 21:13:57','2021-03-21 18:55:37'),(15,'Hunter','Smitham','Mariano',2,'2014-05-05',5,3,'Braunton','Niger','2011-08-03 07:25:20','2021-03-21 18:55:49'),(16,'Breanna','Gibson','Mathew',1,'2005-03-25',NULL,5,'Deckowberg','Korea','1996-08-01 05:29:31','2021-03-21 18:55:37'),(17,'Arno','Nicolas','Samara',2,'1970-08-20',NULL,7,'North Willport','Sweden','1990-07-06 10:11:59','2021-03-21 18:52:16'),(18,'Onie','Treutel','Jake',1,'2013-02-19',NULL,8,'South Allan','Saint Martin','1970-10-14 21:44:33','2021-03-21 18:55:37'),(19,'Cary','Schmitt','Newton',2,'1998-05-15',88,6,'Port Larissa','Greece','1989-08-14 02:52:54','2021-03-21 18:55:49'),(20,'Freddy','Hahn','Shany',1,'1980-08-06',162,8,'South Andres','Iran','2010-02-23 03:04:26','2021-03-21 18:55:49'),(21,'Jacynthe','Grimes','Ronaldo',1,'2003-04-27',97,6,'Walshville','Taiwan','2014-08-16 08:00:04','2021-03-21 18:55:49'),(22,'Lula','Muller','Trey',1,'1980-09-06',143,9,'Fadelfort','Nepal','1982-01-12 04:18:22','2021-03-21 18:55:49'),(23,'Elisha','Ondricka','Faye',2,'1987-12-05',NULL,10,'Stephaniaton','Marshall Islands','2006-04-29 09:16:19','2021-03-21 18:55:37'),(24,'Constantin','Maggio','Cole',1,'1997-10-16',40,10,'North Dominicburgh','Cambodia','1971-01-20 01:23:43','2021-03-21 18:55:49'),(25,'Claudia','Gutmann','Idell',1,'2019-10-11',NULL,6,'New Leopoldo','Vanuatu','1979-12-16 02:45:25','2021-03-21 18:52:16'),(26,'Brent','Feest','Gwendolyn',1,'2018-11-11',NULL,3,'Cristalborough','Botswana','1990-03-18 08:30:27','2021-03-21 18:55:37'),(27,'Aliya','Cummerata','Althea',1,'1996-02-28',123,9,'Angelobury','Bouvet Island (Bouvetoya)','1989-01-11 05:56:47','2021-03-21 18:55:49'),(28,'Marisa','Torp','Alisha',2,'1996-08-22',117,9,'West Martinestad','El Salvador','1985-10-28 06:29:03','2021-03-21 18:55:49'),(29,'Brandyn','Hamill','Brennon',1,'1983-05-15',140,9,'Garnettown','Cote d\'Ivoire','1997-08-09 01:14:20','2021-03-21 18:55:49'),(30,'Alba','O\'Hara','Lamont',1,'1998-01-10',NULL,10,'Blickshire','Korea','1989-10-29 20:33:47','2021-03-21 18:52:16'),(31,'Genoveva','Renner','Madyson',1,'2005-12-23',NULL,10,'East Joelstad','Bangladesh','2020-08-30 19:18:03','2021-03-21 18:52:16'),(32,'Flo','Moen','Gonzalo',1,'1989-06-07',NULL,1,'Clemensborough','Ireland','1989-10-27 23:10:30','2021-03-21 18:55:49'),(33,'Cristopher','Boehm','Cary',1,'1978-06-06',NULL,8,'Volkmanhaven','Papua New Guinea','2018-04-10 16:47:08','2021-03-21 18:52:16'),(34,'Laura','McDermott','Winfield',2,'1998-09-08',NULL,6,'Townemouth','Netherlands','1995-12-27 02:05:56','2021-03-21 18:52:16'),(35,'Chaim','Jerde','Johnathon',2,'1990-04-22',NULL,2,'Lake Elisha','Solomon Islands','1980-03-08 05:00:49','2021-03-21 18:55:49'),(36,'Kevin','Mante','Sally',2,'1992-03-26',NULL,7,'Howefort','Saint Pierre and Miquelon','1993-10-24 17:52:20','2021-03-21 18:55:37'),(37,'Ova','Parker','Percival',1,'2007-03-09',27,8,'Daijabury','Norfolk Island','1977-09-13 17:04:16','2021-03-21 18:55:49'),(38,'Nola','Koss','Lillian',1,'2005-05-25',NULL,10,'North Myrtie','Venezuela','1985-09-21 11:44:29','2021-03-21 18:52:16'),(39,'Rafael','Treutel','Devyn',1,'2003-12-18',37,8,'Simonisside','New Caledonia','2009-09-07 22:14:36','2021-03-21 18:55:49'),(40,'Claudie','Cummings','Eveline',1,'1973-01-28',171,9,'North Sierratown','Brunei Darussalam','1993-07-16 03:57:13','2021-03-21 18:55:49'),(41,'Katelin','Jacobs','Eugenia',2,'1979-03-10',NULL,9,'Marieview','Eritrea','1994-05-02 13:33:50','2021-03-21 18:55:49'),(42,'Ewell','Ledner','Adolfo',1,'2004-01-15',54,5,'Tyshawnshire','Belgium','2005-05-07 05:28:19','2021-03-21 18:55:49'),(43,'Lamar','Weissnat','Maurice',2,'2016-08-20',71,5,'Schinnermouth','Macao','2020-09-09 06:58:38','2021-03-21 18:55:49'),(44,'Sylvester','Weber','Jamir',2,'1991-12-10',98,5,'VonRuedenview','Austria','1990-04-17 13:31:09','2021-03-21 18:55:49'),(45,'Kelli','Goodwin','Antonette',1,'2002-10-01',75,8,'McDermottshire','United Arab Emirates','1994-05-15 22:17:33','2021-03-21 18:55:49'),(46,'Sydni','Rodriguez','Emilia',2,'2020-05-09',19,3,'South Kaitlinside','Denmark','2008-02-16 17:32:29','2021-03-21 18:55:49'),(47,'Judge','Lindgren','Ashlee',1,'1982-10-19',92,9,'North Laishaton','Marshall Islands','2004-02-08 15:44:17','2021-03-21 18:55:49'),(48,'Justine','Hand','Paula',2,'2013-08-11',NULL,9,'East Caleighstad','Reunion','1986-07-19 23:19:08','2021-03-21 18:55:49'),(49,'Eduardo','Barrows','Toy',1,'2013-11-20',112,7,'Janickville','French Southern Territories','2003-02-27 19:03:31','2021-03-21 18:55:49'),(50,'Alayna','Schoen','Kellie',1,'2000-04-03',NULL,9,'East Destiny','United Arab Emirates','1985-03-14 19:01:46','2021-03-21 18:55:49'),(51,'Katelyn','Lemke','Jakob',1,'2012-12-23',NULL,2,'Port Quinten','Swaziland','2010-06-23 07:05:25','2021-03-21 18:55:49'),(52,'Helen','Deckow','Fabiola',1,'1976-12-13',NULL,1,'East Evie','Burundi','2016-03-21 07:55:24','2021-03-21 18:55:49'),(53,'Tierra','Bauch','Laverne',2,'1986-06-23',161,6,'West Crawfordmouth','Monaco','1992-05-28 06:32:12','2021-03-21 18:55:49'),(54,'Jed','Torp','Monica',1,'1989-06-13',NULL,1,'Wizamouth','Niue','1984-07-17 00:37:01','2021-03-21 18:52:16'),(55,'Rosemarie','Tremblay','Cielo',1,'2016-11-15',20,3,'Port Durward','Pitcairn Islands','2009-01-19 17:29:14','2021-03-21 18:55:49'),(56,'Jaqueline','Kirlin','Larue',1,'1975-06-29',NULL,5,'Daughertymouth','Mauritania','1994-02-15 23:00:55','2021-03-21 18:55:49'),(57,'Kari','Ferry','Kurtis',2,'2013-11-21',118,7,'Tremblaychester','Puerto Rico','2011-06-24 22:07:18','2021-03-21 18:55:49'),(58,'Nicholaus','Runolfsson','Lester',2,'1989-04-03',167,9,'North Kallie','New Zealand','2005-03-25 18:12:30','2021-03-21 18:55:49'),(59,'Myron','Emmerich','Dock',2,'2020-09-22',NULL,5,'Port Christopheville','Libyan Arab Jamahiriya','1994-08-27 20:41:07','2021-03-21 18:55:49'),(60,'Oleta','Kuhlman','Cody',1,'2018-05-19',NULL,6,'Wuckertport','Albania','1994-01-17 22:48:28','2021-03-21 18:55:49'),(61,'Eliezer','Rutherford','Maeve',2,'2007-08-14',NULL,10,'South Crystal','Cote d\'Ivoire','2007-12-09 23:23:33','2021-03-21 18:55:49'),(62,'Gloria','Schinner','Ricardo',1,'1996-10-31',24,3,'Maximilliatown','Chile','2012-12-16 03:14:38','2021-03-21 18:55:49'),(63,'Candelario','Hayes','Wayne',2,'1980-01-09',NULL,2,'South Matt','Anguilla','1998-03-28 18:43:07','2021-03-21 18:52:16'),(64,'Barney','Wisoky','Maritza',1,'1979-01-16',NULL,2,'West Marjorie','Yemen','1972-11-14 06:15:49','2021-03-21 18:55:37'),(65,'Deondre','Auer','Ambrose',1,'2012-01-01',NULL,5,'Melyssamouth','Saint Vincent and the Grenadines','1994-09-02 22:22:11','2021-03-21 18:55:49'),(66,'Burley','Abernathy','Ryder',2,'1982-01-03',160,5,'Peytonmouth','Guam','1980-08-21 23:04:58','2021-03-21 18:55:49'),(67,'Anahi','Gleason','Howard',2,'2001-10-17',NULL,10,'Smithamton','Pakistan','1997-10-26 09:07:32','2021-03-21 18:52:16'),(68,'Kaela','Sanford','Dillan',2,'1997-01-31',NULL,6,'Miguelville','Belgium','1991-02-08 17:44:32','2021-03-21 18:55:37'),(69,'Marietta','Sanford','Delmer',2,'1979-04-17',NULL,6,'South Michaela','Andorra','2016-08-27 08:15:15','2021-03-21 18:55:37'),(70,'Jakob','Sporer','Casimir',1,'2011-04-23',28,5,'Murrayport','Myanmar','2000-06-04 02:05:27','2021-03-21 18:55:49'),(71,'Lenora','Orn','Katelynn',2,'1978-04-28',22,6,'Breannamouth','Egypt','1994-09-11 11:26:20','2021-03-21 18:55:49'),(72,'Hobart','Mills','Felix',1,'1978-06-22',172,10,'Lake Donny','Bahrain','1975-03-12 21:41:01','2021-03-21 18:55:49'),(73,'Adell','Little','Mikayla',2,'1996-06-05',36,6,'New Lucas','Angola','1992-12-17 10:43:08','2021-03-21 18:55:49'),(74,'Mabelle','Hyatt','Jacynthe',1,'1994-06-01',NULL,6,'McGlynnburgh','Equatorial Guinea','1996-03-16 04:30:56','2021-03-21 18:55:49'),(75,'Gage','Hilpert','Tod',2,'1977-11-09',128,3,'North Kaleigh','Niue','1974-09-27 08:28:10','2021-03-21 18:55:49'),(76,'Mozell','Kris','Tyree',2,'2020-07-08',NULL,5,'Robelshire','India','2016-04-06 22:59:16','2021-03-21 18:55:49'),(77,'Lenny','Maggio','Susie',2,'1971-09-06',44,10,'Keelington','Kenya','1987-01-03 23:49:32','2021-03-21 18:55:49'),(78,'Eunice','Ratke','Peyton',1,'2005-04-16',133,9,'New Easterfort','Nigeria','2007-02-27 11:27:47','2021-03-21 18:55:49'),(79,'Estelle','Dickinson','Alaina',2,'2020-06-09',NULL,1,'Port Coltenfurt','Russian Federation','1991-09-03 01:45:40','2021-03-21 18:55:49'),(80,'Edmond','Pouros','Lyda',2,'2000-05-21',NULL,8,'Janessaborough','Peru','2014-11-11 21:04:29','2021-03-21 18:55:37'),(81,'Roslyn','Stracke','Karson',2,'1989-10-27',169,5,'Port Tevinfurt','Holy See (Vatican City State)','1972-06-14 04:13:18','2021-03-21 18:55:49'),(82,'Verner','Wiza','Carlee',1,'2007-07-25',NULL,6,'Cristview','Korea','1999-01-10 12:55:09','2021-03-21 18:52:16'),(83,'Jordan','Bergnaum','Samson',2,'2002-11-02',87,2,'Eichmannburgh','Timor-Leste','1989-11-06 02:19:47','2021-03-21 18:55:49'),(84,'Sid','Roberts','Santiago',1,'1970-09-10',114,9,'Darienbury','Myanmar','2015-11-28 05:20:18','2021-03-21 18:55:49'),(85,'Alden','Howe','Elmira',2,'1974-09-12',NULL,3,'East Maxieland','Niger','1988-01-31 12:30:56','2021-03-21 18:55:49'),(86,'Naomie','Hauck','Telly',1,'1975-05-14',NULL,9,'Eltonside','Montenegro','1993-05-26 05:11:16','2021-03-21 18:55:37'),(87,'Elenor','Schroeder','Danielle',1,'2016-09-13',NULL,8,'Kelsieport','Bouvet Island (Bouvetoya)','1995-02-17 21:53:39','2021-03-21 18:52:16'),(88,'Karolann','O\'Conner','Lukas',1,'1983-04-20',NULL,6,'Lake Filomena','Central African Republic','1976-11-10 14:19:40','2021-03-21 18:55:37'),(89,'Tomas','Beahan','Kamron',1,'2014-12-29',NULL,5,'West Gardner','Belize','1997-02-19 19:43:01','2021-03-21 18:55:49'),(90,'Alta','Mann','Patience',2,'1999-02-10',NULL,5,'New May','Monaco','1995-10-15 22:32:11','2021-03-21 18:52:16'),(91,'Jewel','Tromp','Mikayla',1,'2015-09-22',10,3,'New Kelleyburgh','Tajikistan','1981-12-07 16:41:40','2021-03-21 18:55:49'),(92,'Edgardo','Gutmann','Katrine',2,'1974-03-01',NULL,10,'Meggiechester','Morocco','1993-04-20 17:43:26','2021-03-21 18:52:16'),(93,'Ron','Bradtke','Gilda',1,'1977-04-26',115,1,'West Eulaliatown','Gibraltar','1989-09-08 16:25:38','2021-03-21 18:55:49'),(94,'Alessia','Hoppe','Nicklaus',2,'1971-11-23',74,7,'Bertrammouth','Croatia','1973-02-18 15:08:07','2021-03-21 18:55:49'),(95,'Norene','Johnston','Darian',2,'1971-11-22',NULL,8,'North Ashleyville','Egypt','1972-07-24 20:36:53','2021-03-21 18:55:49'),(96,'Brett','Dicki','Jeanie',2,'1979-11-11',NULL,1,'Abagailberg','Algeria','1991-10-28 19:37:12','2021-03-21 18:55:49'),(97,'Justina','Paucek','Imelda',1,'1994-12-25',NULL,5,'Albertaville','Comoros','2008-09-09 08:30:48','2021-03-21 18:55:37'),(98,'Kelsi','Schoen','Kaylin',1,'1990-08-13',NULL,2,'Loweborough','Netherlands','2012-03-01 19:59:05','2021-03-21 18:52:16'),(99,'Dagmar','Erdman','Antoinette',2,'2018-12-17',NULL,1,'West Laron','South Georgia and the South Sandwich Islands','2014-01-02 23:32:07','2021-03-21 18:55:49'),(100,'Frida','Lesch','Zelma',1,'1994-10-11',89,6,'Lake Aidan','Kazakhstan','1987-02-06 18:28:21','2021-03-21 18:55:49');
/*!40000 ALTER TABLE `profiles` ENABLE KEYS */;
UNLOCK TABLES;

--
-- Table structure for table `user_statuses`
--

DROP TABLE IF EXISTS `user_statuses`;
/*!40101 SET @saved_cs_client     = @@character_set_client */;
/*!50503 SET character_set_client = utf8mb4 */;
CREATE TABLE `user_statuses` (
  `id` int unsigned NOT NULL AUTO_INCREMENT COMMENT 'Идентификатор строки',
  `name` varchar(100) NOT NULL COMMENT 'Название статуса',
  `created_at` datetime DEFAULT CURRENT_TIMESTAMP COMMENT 'Время создания строки',
  `updated_at` datetime DEFAULT CURRENT_TIMESTAMP ON UPDATE CURRENT_TIMESTAMP COMMENT 'Время обновления строки',
  PRIMARY KEY (`id`)
) ENGINE=InnoDB AUTO_INCREMENT=11 DEFAULT CHARSET=utf8mb4 COLLATE=utf8mb4_0900_ai_ci COMMENT='Справочник статусов пользователя';
/*!40101 SET character_set_client = @saved_cs_client */;

--
-- Dumping data for table `user_statuses`
--

LOCK TABLES `user_statuses` WRITE;
/*!40000 ALTER TABLE `user_statuses` DISABLE KEYS */;
INSERT INTO `user_statuses` VALUES (1,'Single','2021-03-21 17:23:46','2021-03-21 17:23:46'),(2,'In a relationship','2021-03-21 17:23:46','2021-03-21 17:23:46'),(3,'Engaged','2021-03-21 17:23:46','2021-03-21 17:23:46'),(5,'Complicated','2021-03-21 17:23:46','2021-03-21 17:23:46'),(6,'Open relationship','2021-03-21 17:23:46','2021-03-21 17:23:46'),(7,'Widowed','2021-03-21 17:23:46','2021-03-21 17:23:46'),(8,'Sparated','2021-03-21 17:23:46','2021-03-21 17:23:46'),(9,'Divorced','2021-03-21 17:23:46','2021-03-21 17:23:46'),(10,'Married','2021-03-21 18:06:39','2021-03-21 18:08:07');
/*!40000 ALTER TABLE `user_statuses` ENABLE KEYS */;
UNLOCK TABLES;

--
-- Table structure for table `users`
--

DROP TABLE IF EXISTS `users`;
/*!40101 SET @saved_cs_client     = @@character_set_client */;
/*!50503 SET character_set_client = utf8mb4 */;
CREATE TABLE `users` (
  `id` int unsigned NOT NULL AUTO_INCREMENT COMMENT 'Идентификатор строки',
  `email` varchar(100) NOT NULL COMMENT 'Почта',
  `phone` varchar(100) NOT NULL COMMENT 'Телефон',
  `created_at` datetime DEFAULT CURRENT_TIMESTAMP COMMENT 'Время создания строки',
  `updated_at` datetime DEFAULT CURRENT_TIMESTAMP ON UPDATE CURRENT_TIMESTAMP COMMENT 'Время обновления строки',
  PRIMARY KEY (`id`),
  UNIQUE KEY `email` (`email`),
  UNIQUE KEY `phone` (`phone`)
) ENGINE=InnoDB AUTO_INCREMENT=101 DEFAULT CHARSET=utf8mb4 COLLATE=utf8mb4_0900_ai_ci COMMENT='Пользователи';
/*!40101 SET character_set_client = @saved_cs_client */;

--
-- Dumping data for table `users`
--

LOCK TABLES `users` WRITE;
/*!40000 ALTER TABLE `users` DISABLE KEYS */;
INSERT INTO `users` VALUES (1,'corbin.murray@example.net','666.765.7935x813','1992-03-27 23:22:15','2020-03-24 05:57:08'),(2,'eichmann.marcus@example.org','(321)078-7598','1994-11-26 02:11:07','1988-05-28 20:33:06'),(3,'cruz84@example.org','(483)800-8341x53638','1985-10-16 04:54:25','1976-10-10 03:26:01'),(4,'robb.osinski@example.net','(701)947-0244','1972-07-04 00:13:32','1980-12-14 10:04:02'),(5,'tess.bins@example.com','+47(0)1474055596','1987-05-28 21:42:01','1986-09-02 01:19:08'),(6,'crooks.shyanne@example.com','(842)135-6951x3597','1996-01-05 08:59:32','2014-04-30 16:02:30'),(7,'ferry.michaela@example.net','943.636.0311x5690','2009-07-24 09:09:18','2020-10-21 05:46:40'),(8,'haleigh.hand@example.net','1-125-382-6209x88236','2013-06-29 17:29:37','2018-07-02 21:42:43'),(9,'fadel.franz@example.net','+65(2)8933428565','2010-12-07 04:21:30','1998-09-28 08:45:19'),(10,'armstrong.megane@example.org','701-482-9985x314','2009-08-02 14:41:56','2017-08-18 09:55:17'),(11,'lia.stroman@example.com','509.243.7004','2005-09-17 03:28:36','2004-05-31 15:06:03'),(12,'mschinner@example.org','(833)402-9347x97669','2012-09-18 01:07:38','2007-12-09 20:59:10'),(13,'hilton78@example.com','(627)262-1668x62561','2000-11-29 22:22:53','2009-05-10 08:12:38'),(14,'kurtis43@example.com','546.345.4832x0049','1974-10-02 08:29:27','1988-11-08 03:47:35'),(15,'oframi@example.com','878.752.4536x064','1995-01-24 22:41:33','1970-12-19 20:36:27'),(16,'rblock@example.com','191-918-4380','2019-05-10 18:14:25','1973-12-15 08:00:23'),(17,'lucas31@example.net','427.492.9805x4575','2017-02-15 09:06:01','2012-06-05 18:03:08'),(18,'schimmel.hilbert@example.org','1-334-523-6031x8490','2013-05-08 03:49:47','2002-09-06 05:29:04'),(19,'tabitha35@example.org','034.213.9000','1971-05-06 19:01:52','1998-01-04 13:24:12'),(20,'maurice31@example.org','783-320-6514x3950','2012-08-31 12:50:39','2003-01-03 08:27:29'),(21,'zmarvin@example.com','1-953-315-4617','2007-05-31 15:15:38','1973-03-11 19:42:03'),(22,'zbarrows@example.com','1-033-567-1496x0277','1973-04-03 18:08:47','2005-04-20 00:24:16'),(23,'hallie.morar@example.net','(987)492-6574x5161','1971-09-10 19:29:20','2015-06-14 12:39:49'),(24,'qhackett@example.net','(181)209-6138','1977-11-26 20:11:47','2012-11-11 01:36:24'),(25,'juanita.kozey@example.net','803-628-5605','1974-12-08 20:28:54','2010-06-09 06:58:40'),(26,'gkoepp@example.org','+05(3)6804876312','1974-05-16 14:01:22','1976-05-31 00:00:52'),(27,'kulas.melvin@example.com','411-681-4396x9653','2007-01-17 11:53:25','2006-01-02 01:24:05'),(28,'hackett.augustus@example.net','(953)787-3014','2008-09-02 04:39:43','1978-04-19 13:58:48'),(29,'btowne@example.net','1-878-084-7513','1973-11-13 20:02:27','2002-06-06 20:47:35'),(30,'nia01@example.org','+08(7)0664061104','1978-03-17 09:29:05','2019-12-23 20:00:41'),(31,'dach.modesto@example.org','(874)449-4910','1994-06-13 05:21:48','1991-02-05 15:00:50'),(32,'adams.destinee@example.net','200.879.0604','2013-04-25 06:24:53','1973-03-15 08:51:50'),(33,'annabel.thiel@example.net','1-228-259-3095x236','2018-10-26 22:50:46','1976-01-02 05:20:48'),(34,'ho\'kon@example.com','(850)842-5697x530','2009-03-21 22:46:15','1986-06-10 06:55:55'),(35,'azulauf@example.org','1-279-894-6444','2005-05-08 05:30:53','1986-02-16 02:19:26'),(36,'dgoldner@example.net','189-872-7547','1986-06-30 09:19:34','1983-06-28 23:53:19'),(37,'runolfsdottir.amelia@example.org','(983)760-2189x961','1998-10-13 20:20:57','1989-11-21 18:21:45'),(38,'prosacco.rita@example.org','129.624.9226','1992-07-10 15:52:26','2016-08-12 10:40:35'),(39,'fadel.olaf@example.com','(435)891-1602x31640','1985-07-15 11:57:32','1989-07-29 16:38:44'),(40,'magnolia20@example.org','457.771.9277','1976-06-21 06:05:10','2008-07-29 12:32:26'),(41,'wrunte@example.net','02256553219','1974-12-24 03:49:49','2014-02-17 23:49:38'),(42,'ukovacek@example.com','01339933944','2011-05-23 16:14:24','2013-12-23 03:15:42'),(43,'casper.eleonore@example.com','060.533.1477x6080','2020-11-08 15:18:23','1987-08-30 10:09:33'),(44,'vlindgren@example.com','+12(1)4016550696','2013-11-15 10:26:07','1994-08-01 02:30:52'),(45,'bertha28@example.com','289.356.9104','1975-03-23 10:38:52','1984-07-01 00:21:12'),(46,'ruecker.green@example.org','300.400.8183x6038','2013-12-05 12:28:19','1970-09-24 11:19:01'),(47,'mitchell.christophe@example.net','+33(0)8082719410','1995-01-13 00:48:57','1994-06-13 22:59:16'),(48,'keely.ratke@example.com','619-451-9095x0113','2010-04-02 10:23:42','1972-04-29 10:08:27'),(49,'keebler.dennis@example.com','718.812.9704x486','1994-07-16 05:54:30','1983-08-06 07:56:39'),(50,'eleanora02@example.net','305.960.1098x8153','1989-12-07 09:03:44','1973-01-08 22:59:12'),(51,'feeney.sedrick@example.org','311.577.6008x6253','1997-08-10 14:40:09','1990-11-21 14:12:44'),(52,'evans26@example.org','1-632-220-6654x01797','1978-09-29 05:07:46','1979-02-26 04:38:56'),(53,'beahan.maye@example.net','+30(4)2188947336','1987-07-18 02:31:13','1987-02-18 23:52:36'),(54,'nmacejkovic@example.com','08187834166','2013-12-19 07:21:20','1972-05-16 18:27:47'),(55,'fjakubowski@example.net','07539677460','1988-09-22 04:54:24','2019-06-30 11:53:26'),(56,'leffler.fredrick@example.org','(095)538-4635','1979-06-01 17:43:27','1974-01-13 20:54:19'),(57,'feeney.matilde@example.com','1-370-862-3701','2013-09-06 21:07:59','1979-09-25 03:50:34'),(58,'katrine.champlin@example.net','1-638-561-6895x1789','1978-05-14 23:59:03','1999-01-14 23:47:50'),(59,'qbednar@example.org','(451)298-9143x0725','2012-09-29 19:24:57','2010-06-12 08:05:37'),(60,'shanahan.lucienne@example.org','053-979-2660','2011-02-17 03:34:08','2020-04-04 01:46:38'),(61,'kayla56@example.net','1-423-272-5302','2012-04-06 04:16:14','1999-05-01 13:22:01'),(62,'jermey50@example.net','1-848-050-6691x793','1979-02-26 02:24:27','2000-01-31 21:03:39'),(63,'lehner.cecile@example.com','1-366-329-9455x598','2006-08-24 20:19:09','2015-07-22 22:49:58'),(64,'pfannerstill.jannie@example.org','803-671-2797','2003-10-12 16:43:57','1981-02-22 08:40:21'),(65,'wiegand.donato@example.org','1-614-589-5334x2821','2019-12-30 03:18:56','2003-05-15 13:03:28'),(66,'arodriguez@example.com','732-712-7292','1980-05-03 19:08:14','2005-06-18 02:39:33'),(67,'brent.daugherty@example.com','117-632-8606x546','1975-05-20 21:27:36','1972-08-27 08:56:16'),(68,'delpha.grant@example.org','+67(2)3078050324','2010-10-30 13:22:17','1981-12-21 09:51:55'),(69,'tweissnat@example.com','(521)601-5895x567','1970-03-24 08:13:13','1982-01-20 18:44:23'),(70,'paltenwerth@example.net','226.010.7077','1993-08-20 01:36:56','1975-01-08 13:09:37'),(71,'jan.crist@example.net','157.267.7595x2339','1999-12-28 23:59:47','2011-08-16 07:45:56'),(72,'antonina05@example.com','07838832463','2015-01-29 22:00:54','2003-08-02 04:23:48'),(73,'harber.gustave@example.com','(630)870-9826x64142','1971-08-19 13:25:32','2005-03-29 17:35:01'),(74,'bweissnat@example.org','705.693.5629x8958','2018-07-30 03:20:50','1977-02-07 22:09:36'),(75,'christian74@example.com','1-096-905-2375x2559','2013-07-23 23:29:35','1975-10-12 09:41:36'),(76,'cristobal65@example.net','828-224-9777x98376','1984-11-21 10:08:55','1977-11-07 19:12:29'),(77,'joy.beahan@example.net','261-791-3339x8119','2009-04-13 09:19:18','1979-06-01 21:56:11'),(78,'hulda.mueller@example.org','(944)850-9482x0434','1977-09-22 21:52:16','1970-03-18 06:48:44'),(79,'west.jaron@example.com','1-094-240-7726x45193','1983-01-07 16:28:16','1976-03-23 09:50:55'),(80,'melody.kulas@example.com','(849)799-6090x31567','2013-01-25 04:51:55','2017-04-28 04:39:31'),(81,'edgar.hyatt@example.com','05252882528','1982-04-12 11:45:40','2000-05-29 12:05:29'),(82,'yondricka@example.com','(388)454-3464x28335','2009-12-11 08:39:44','1993-04-03 16:02:54'),(83,'saul.murazik@example.com','1-167-260-3951x4699','1996-09-12 11:43:00','1985-04-28 02:35:30'),(84,'carlotta53@example.com','321-366-5539','2020-07-25 01:09:15','1996-05-31 19:06:16'),(85,'rosalia.braun@example.net','216.625.8403x70378','1974-02-07 23:05:36','1972-05-25 11:11:41'),(86,'wkoss@example.net','101-796-9053x42296','2016-06-10 23:37:31','2008-03-28 22:50:51'),(87,'carolyne86@example.org','453.177.2864x968','2001-07-06 08:22:45','1990-03-27 04:00:53'),(88,'obatz@example.com','1-796-310-5014x91776','1974-07-25 22:59:46','1981-10-16 14:23:15'),(89,'wintheiser.porter@example.net','131.179.6404x82857','2017-11-06 12:55:04','2013-10-23 15:43:54'),(90,'rstanton@example.net','232-267-8439x1042','1976-01-18 06:27:22','1971-01-29 17:30:34'),(91,'myrl.gerhold@example.com','1-163-802-2023','2016-05-30 19:37:54','2010-03-15 14:49:36'),(92,'nikolaus.micaela@example.com','301-751-8146x762','2015-03-29 16:33:29','2016-01-23 09:32:15'),(93,'abbott.brannon@example.org','01109939443','1993-01-07 20:45:03','1990-08-04 10:00:02'),(94,'rlangosh@example.com','203-769-1327','2008-03-22 03:05:03','1988-04-28 15:11:30'),(95,'ndurgan@example.com','310-622-6926x3173','2010-04-01 09:45:30','1992-03-25 14:59:16'),(96,'hattie40@example.org','(394)196-1706','1986-12-12 10:06:28','2004-03-09 01:28:41'),(97,'hansen.vladimir@example.net','410-907-0157','2003-03-19 16:04:37','1997-01-04 07:50:59'),(98,'darlene.feest@example.org','040.099.7252x920','1973-08-10 01:49:17','2009-01-17 22:12:43'),(99,'uchristiansen@example.org','01214312958','1974-12-06 15:20:44','2018-07-07 15:58:19'),(100,'dewayne.o\'connell@example.com','190.665.6388','2017-08-30 13:10:56','1978-07-29 06:15:41');
/*!40000 ALTER TABLE `users` ENABLE KEYS */;
UNLOCK TABLES;
/*!40103 SET TIME_ZONE=@OLD_TIME_ZONE */;

/*!40101 SET SQL_MODE=@OLD_SQL_MODE */;
/*!40014 SET FOREIGN_KEY_CHECKS=@OLD_FOREIGN_KEY_CHECKS */;
/*!40014 SET UNIQUE_CHECKS=@OLD_UNIQUE_CHECKS */;
/*!40101 SET CHARACTER_SET_CLIENT=@OLD_CHARACTER_SET_CLIENT */;
/*!40101 SET CHARACTER_SET_RESULTS=@OLD_CHARACTER_SET_RESULTS */;
/*!40101 SET COLLATION_CONNECTION=@OLD_COLLATION_CONNECTION */;
/*!40111 SET SQL_NOTES=@OLD_SQL_NOTES */;

-- Dump completed on 2021-03-21 19:06:17
