-- MySQL dump 10.13  Distrib 8.0.23, for Linux (x86_64)
--
-- Host: localhost    Database: portal
-- ------------------------------------------------------
-- Server version	8.0.23-0ubuntu0.20.04.1

/*!40101 SET @OLD_CHARACTER_SET_CLIENT=@@CHARACTER_SET_CLIENT */;
/*!40101 SET @OLD_CHARACTER_SET_RESULTS=@@CHARACTER_SET_RESULTS */;
/*!40101 SET @OLD_COLLATION_CONNECTION=@@COLLATION_CONNECTION */;
/*!50503 SET NAMES utf8mb4 */;
/*!40103 SET @OLD_TIME_ZONE=@@TIME_ZONE */;
/*!40103 SET TIME_ZONE='+00:00' */;
/*!40014 SET @OLD_UNIQUE_CHECKS=@@UNIQUE_CHECKS, UNIQUE_CHECKS=0 */;
/*!40014 SET @OLD_FOREIGN_KEY_CHECKS=@@FOREIGN_KEY_CHECKS, FOREIGN_KEY_CHECKS=0 */;
/*!40101 SET @OLD_SQL_MODE=@@SQL_MODE, SQL_MODE='NO_AUTO_VALUE_ON_ZERO' */;
/*!40111 SET @OLD_SQL_NOTES=@@SQL_NOTES, SQL_NOTES=0 */;

--
-- Table structure for table `additional_contacts`
--

DROP TABLE IF EXISTS `additional_contacts`;
/*!40101 SET @saved_cs_client     = @@character_set_client */;
/*!50503 SET character_set_client = utf8mb4 */;
CREATE TABLE `additional_contacts` (
  `user_id` int unsigned NOT NULL COMMENT 'Сотрудника идентификатор',
  `client_type_id` int unsigned NOT NULL COMMENT 'Идентификатор клиента связи',
  `login` varchar(150) NOT NULL COMMENT 'Логин пользователя',
  `created_at` datetime DEFAULT CURRENT_TIMESTAMP COMMENT 'Дата создания строки',
  `updated_at` datetime DEFAULT CURRENT_TIMESTAMP ON UPDATE CURRENT_TIMESTAMP COMMENT 'Дата обновления строки',
  PRIMARY KEY (`user_id`,`client_type_id`) COMMENT 'Составной ключ',
  KEY `contact_fk_clyent_type` (`client_type_id`),
  CONSTRAINT `contact_fk_clyent_type` FOREIGN KEY (`client_type_id`) REFERENCES `communication_clients` (`id`) ON DELETE CASCADE,
  CONSTRAINT `contact_fk_user` FOREIGN KEY (`user_id`) REFERENCES `employers` (`user_id`) ON DELETE CASCADE
) ENGINE=InnoDB DEFAULT CHARSET=utf8mb4 COLLATE=utf8mb4_0900_ai_ci COMMENT='Дополнительные способов связи';
/*!40101 SET character_set_client = @saved_cs_client */;

--
-- Dumping data for table `additional_contacts`
--

LOCK TABLES `additional_contacts` WRITE;
/*!40000 ALTER TABLE `additional_contacts` DISABLE KEYS */;
INSERT INTO `additional_contacts` VALUES (4,5,'ckilback','2021-04-18 02:37:41','2021-04-18 02:37:41'),(6,3,'griffin82','2021-04-18 02:37:41','2021-04-18 02:37:41'),(7,1,'o\'conner.jane','2021-04-18 02:37:41','2021-04-18 02:37:41'),(7,2,'schmeler.malachi','2021-04-18 02:37:41','2021-04-18 02:37:41'),(8,1,'upton.shaniya','2021-04-18 02:37:41','2021-04-18 02:37:41'),(8,3,'gusikowski.rico','2021-04-18 02:37:41','2021-04-18 02:37:41'),(9,3,'aracely.goyette','2021-04-18 02:37:41','2021-04-18 02:37:41'),(10,1,'alysson.hane','2021-04-18 02:37:41','2021-04-18 02:37:41'),(11,2,'bernier.jamal','2021-04-18 02:37:41','2021-04-18 02:37:41'),(11,3,'lynch.gabe','2021-04-18 02:37:41','2021-04-18 02:37:41'),(12,1,'pkrajcik','2021-04-18 02:37:41','2021-04-18 02:37:41'),(12,5,'guadalupe.eichmann','2021-04-18 02:37:41','2021-04-18 02:37:41'),(14,2,'lkoepp','2021-04-18 02:37:41','2021-04-18 02:37:41'),(14,3,'wmclaughlin','2021-04-18 02:37:41','2021-04-18 02:37:41'),(17,1,'vena.schowalter','2021-04-18 02:37:41','2021-04-18 02:37:41'),(19,1,'jedediah36','2021-04-18 02:37:41','2021-04-18 02:37:41'),(20,4,'jovan35','2021-04-18 02:37:41','2021-04-18 02:37:41'),(20,5,'christophe.senger','2021-04-18 02:37:41','2021-04-18 02:37:41'),(23,1,'vicenta.langworth','2021-04-18 02:37:41','2021-04-18 02:37:41'),(23,3,'hoeger.katelyn','2021-04-18 02:37:41','2021-04-18 02:37:41'),(24,3,'mona70','2021-04-18 02:37:41','2021-04-18 02:37:41'),(27,2,'rupert.ratke','2021-04-18 02:37:41','2021-04-18 02:37:41'),(30,2,'emerson.jacobson','2021-04-18 02:37:41','2021-04-18 02:37:41'),(30,4,'dannie.dibbert','2021-04-18 02:37:41','2021-04-18 02:37:41'),(32,3,'o\'keefe.maximo','2021-04-18 02:37:41','2021-04-18 02:37:41'),(34,1,'mstamm','2021-04-18 02:37:41','2021-04-18 02:37:41'),(37,2,'jaida.medhurst','2021-04-18 02:37:41','2021-04-18 02:37:41'),(38,2,'towne.kianna','2021-04-18 02:37:41','2021-04-18 02:37:41'),(48,1,'domenic.smith','2021-04-18 02:37:41','2021-04-18 02:37:41'),(49,5,'lfeest','2021-04-18 02:37:41','2021-04-18 02:37:41'),(50,2,'barrows.chloe','2021-04-18 02:37:41','2021-04-18 02:37:41'),(51,1,'dickens.valerie','2021-04-18 02:37:41','2021-04-18 02:37:41'),(51,2,'vgrimes','2021-04-18 02:37:41','2021-04-18 02:37:41'),(52,1,'wmurphy','2021-04-18 02:37:41','2021-04-18 02:37:41'),(53,4,'jermaine87','2021-04-18 02:37:41','2021-04-18 02:37:41'),(55,4,'idella16','2021-04-18 02:37:41','2021-04-18 02:37:41'),(56,2,'darron57','2021-04-18 02:37:41','2021-04-18 02:37:41'),(57,4,'callie.senger','2021-04-18 02:37:41','2021-04-18 02:37:41'),(62,1,'mcglynn.nella','2021-04-18 02:37:41','2021-04-18 02:37:41'),(62,3,'hand.jessie','2021-04-18 02:37:41','2021-04-18 02:37:41'),(62,4,'tromp.dimitri','2021-04-18 02:37:41','2021-04-18 02:37:41'),(62,5,'connor.o\'conner','2021-04-18 02:37:41','2021-04-18 02:37:41'),(63,1,'dejah82','2021-04-18 02:37:41','2021-04-18 02:37:41'),(63,2,'lkunde','2021-04-18 02:37:41','2021-04-18 02:37:41'),(63,4,'arthur80','2021-04-18 02:37:41','2021-04-18 02:37:41'),(67,1,'greta.auer','2021-04-18 02:37:41','2021-04-18 02:37:41'),(68,1,'mann.heather','2021-04-18 02:37:41','2021-04-18 02:37:41'),(68,5,'deion56','2021-04-18 02:37:41','2021-04-18 02:37:41'),(70,2,'travis52','2021-04-18 02:37:41','2021-04-18 02:37:41'),(70,4,'wschneider','2021-04-18 02:37:41','2021-04-18 02:37:41'),(71,4,'xo\'connell','2021-04-18 02:37:41','2021-04-18 02:37:41'),(71,5,'heller.buddy','2021-04-18 02:37:41','2021-04-18 02:37:41'),(72,1,'isac.sporer','2021-04-18 02:37:41','2021-04-18 02:37:41'),(72,4,'marquardt.billy','2021-04-18 02:37:41','2021-04-18 02:37:41'),(73,2,'fernando59','2021-04-18 02:37:41','2021-04-18 02:37:41'),(74,5,'rosenbaum.linnie','2021-04-18 02:37:41','2021-04-18 02:37:41'),(75,5,'yleannon','2021-04-18 02:37:41','2021-04-18 02:37:41'),(78,5,'conroy.johanna','2021-04-18 02:37:41','2021-04-18 02:37:41'),(79,4,'fred59','2021-04-18 02:37:41','2021-04-18 02:37:41'),(80,2,'torp.rashad','2021-04-18 02:37:41','2021-04-18 02:37:41'),(81,5,'kellen.vandervort','2021-04-18 02:37:41','2021-04-18 02:37:41'),(85,2,'emiliano97','2021-04-18 02:37:41','2021-04-18 02:37:41'),(88,2,'hilda.conn','2021-04-18 02:37:41','2021-04-18 02:37:41'),(88,4,'grady.stanford','2021-04-18 02:37:41','2021-04-18 02:37:41'),(89,1,'bmetz','2021-04-18 02:37:41','2021-04-18 02:37:41'),(90,3,'zachery40','2021-04-18 02:37:41','2021-04-18 02:37:41'),(91,2,'robb15','2021-04-18 02:37:41','2021-04-18 02:37:41'),(92,4,'lilla.runte','2021-04-18 02:37:41','2021-04-18 02:37:41'),(92,5,'aniyah21','2021-04-18 02:37:41','2021-04-18 02:37:41'),(94,3,'alessandro.jaskolski','2021-04-18 02:37:41','2021-04-18 02:37:41'),(97,1,'dach.nya','2021-04-18 02:37:41','2021-04-18 02:37:41'),(97,3,'ethyl22','2021-04-18 02:37:41','2021-04-18 02:37:41'),(99,2,'maritza27','2021-04-18 02:37:41','2021-04-18 02:37:41'),(100,4,'sipes.justus','2021-04-18 02:37:41','2021-04-18 02:37:41'),(101,2,'lonzo15','2021-04-18 02:37:41','2021-04-18 02:37:41'),(101,4,'merl.auer','2021-04-18 02:37:41','2021-04-18 02:37:41'),(103,5,'sofia.ullrich','2021-04-18 02:37:41','2021-04-18 02:37:41'),(104,1,'timothy25','2021-04-18 02:37:41','2021-04-18 02:37:41'),(106,3,'osinski.esmeralda','2021-04-18 02:37:41','2021-04-18 02:37:41'),(113,2,'bartell.horace','2021-04-18 02:37:41','2021-04-18 02:37:41'),(116,3,'gsenger','2021-04-18 02:37:41','2021-04-18 02:37:41'),(116,5,'murphy.erdman','2021-04-18 02:37:41','2021-04-18 02:37:41'),(119,1,'haskell46','2021-04-18 02:37:41','2021-04-18 02:37:41'),(121,1,'ona.bernier','2021-04-18 02:37:41','2021-04-18 02:37:41'),(121,2,'patience06','2021-04-18 02:37:41','2021-04-18 02:37:41'),(126,3,'hquitzon','2021-04-18 02:37:41','2021-04-18 02:37:41'),(127,4,'little.sim','2021-04-18 02:37:41','2021-04-18 02:37:41'),(128,5,'cschaden','2021-04-18 02:37:41','2021-04-18 02:37:41'),(133,4,'quitzon.clyde','2021-04-18 02:37:41','2021-04-18 02:37:41'),(137,2,'shaina.green','2021-04-18 02:37:41','2021-04-18 02:37:41'),(138,3,'pat33','2021-04-18 02:37:41','2021-04-18 02:37:41'),(140,1,'chadrick40','2021-04-18 02:37:41','2021-04-18 02:37:41'),(141,1,'brooklyn.prosacco','2021-04-18 02:37:41','2021-04-18 02:37:41'),(142,2,'vida69','2021-04-18 02:37:41','2021-04-18 02:37:41'),(145,3,'oweissnat','2021-04-18 02:37:41','2021-04-18 02:37:41'),(146,3,'coty35','2021-04-18 02:37:41','2021-04-18 02:37:41'),(149,3,'feeney.cheyanne','2021-04-18 02:37:41','2021-04-18 02:37:41'),(150,4,'pframi','2021-04-18 02:37:41','2021-04-18 02:37:41'),(151,4,'iveum','2021-04-18 02:37:41','2021-04-18 02:37:41'),(152,1,'roberts.cathryn','2021-04-18 02:37:41','2021-04-18 02:37:41'),(152,5,'macejkovic.clare','2021-04-18 02:37:41','2021-04-18 02:37:41'),(153,3,'koss.aglae','2021-04-18 02:37:41','2021-04-18 02:37:41'),(154,4,'norval.wilkinson','2021-04-18 02:37:41','2021-04-18 02:37:41'),(156,3,'towne.hallie','2021-04-18 02:37:41','2021-04-18 02:37:41'),(159,1,'fluettgen','2021-04-18 02:37:41','2021-04-18 02:37:41'),(159,2,'buford.beatty','2021-04-18 02:37:41','2021-04-18 02:37:41'),(159,5,'huel.frances','2021-04-18 02:37:41','2021-04-18 02:37:41'),(162,3,'lyla.harber','2021-04-18 02:37:41','2021-04-18 02:37:41'),(162,5,'eden.rosenbaum','2021-04-18 02:37:41','2021-04-18 02:37:41'),(166,4,'forest71','2021-04-18 02:37:41','2021-04-18 02:37:41'),(167,3,'alisa21','2021-04-18 02:37:41','2021-04-18 02:37:41'),(168,5,'abernathy.mae','2021-04-18 02:37:41','2021-04-18 02:37:41'),(169,3,'nolson','2021-04-18 02:37:41','2021-04-18 02:37:41'),(170,4,'tyrel50','2021-04-18 02:37:41','2021-04-18 02:37:41'),(172,4,'tblock','2021-04-18 02:37:41','2021-04-18 02:37:41'),(175,5,'breanna.rowe','2021-04-18 02:37:41','2021-04-18 02:37:41'),(177,2,'fgerlach','2021-04-18 02:37:41','2021-04-18 02:37:41'),(177,3,'klocko.reuben','2021-04-18 02:37:41','2021-04-18 02:37:41'),(177,5,'athena47','2021-04-18 02:37:41','2021-04-18 02:37:41'),(181,1,'earmstrong','2021-04-18 02:37:41','2021-04-18 02:37:41'),(181,3,'kcorwin','2021-04-18 02:37:41','2021-04-18 02:37:41'),(182,2,'obalistreri','2021-04-18 02:37:41','2021-04-18 02:37:41'),(182,5,'kvonrueden','2021-04-18 02:37:41','2021-04-18 02:37:41'),(183,3,'precious.brakus','2021-04-18 02:37:41','2021-04-18 02:37:41'),(184,2,'bogisich.dejah','2021-04-18 02:37:41','2021-04-18 02:37:41'),(184,3,'hildegard69','2021-04-18 02:37:41','2021-04-18 02:37:41'),(185,1,'edgar.schmitt','2021-04-18 02:37:41','2021-04-18 02:37:41'),(187,1,'tgibson','2021-04-18 02:37:41','2021-04-18 02:37:41'),(187,2,'ratke.felton','2021-04-18 02:37:41','2021-04-18 02:37:41'),(187,3,'fyundt','2021-04-18 02:37:41','2021-04-18 02:37:41'),(188,1,'julian.fahey','2021-04-18 02:37:41','2021-04-18 02:37:41'),(189,1,'nprohaska','2021-04-18 02:37:41','2021-04-18 02:37:41'),(189,5,'sunny.cruickshank','2021-04-18 02:37:41','2021-04-18 02:37:41'),(192,4,'mlegros','2021-04-18 02:37:41','2021-04-18 02:37:41'),(195,1,'javon.botsford','2021-04-18 02:37:41','2021-04-18 02:37:41'),(196,3,'johan.pollich','2021-04-18 02:37:41','2021-04-18 02:37:41'),(197,5,'ismael43','2021-04-18 02:37:41','2021-04-18 02:37:41'),(198,3,'jazmin60','2021-04-18 02:37:41','2021-04-18 02:37:41'),(199,1,'kimberly.goyette','2021-04-18 02:37:41','2021-04-18 02:37:41'),(199,3,'christiansen.raegan','2021-04-18 02:37:41','2021-04-18 02:37:41');
/*!40000 ALTER TABLE `additional_contacts` ENABLE KEYS */;
UNLOCK TABLES;

--
-- Table structure for table `categories`
--

DROP TABLE IF EXISTS `categories`;
/*!40101 SET @saved_cs_client     = @@character_set_client */;
/*!50503 SET character_set_client = utf8mb4 */;
CREATE TABLE `categories` (
  `id` int unsigned NOT NULL AUTO_INCREMENT COMMENT 'Идентификатор категории',
  `name` varchar(255) NOT NULL COMMENT 'Именование категории',
  `created_at` datetime DEFAULT CURRENT_TIMESTAMP COMMENT 'Дата создания строки',
  `updated_at` datetime DEFAULT CURRENT_TIMESTAMP ON UPDATE CURRENT_TIMESTAMP COMMENT 'Дата обновления строки',
  PRIMARY KEY (`id`),
  UNIQUE KEY `name` (`name`)
) ENGINE=InnoDB AUTO_INCREMENT=8 DEFAULT CHARSET=utf8mb4 COLLATE=utf8mb4_0900_ai_ci COMMENT='Справочник новостных категорий';
/*!40101 SET character_set_client = @saved_cs_client */;

--
-- Dumping data for table `categories`
--

LOCK TABLES `categories` WRITE;
/*!40000 ALTER TABLE `categories` DISABLE KEYS */;
INSERT INTO `categories` VALUES (1,'HR','2021-04-17 18:18:09','2021-04-17 18:18:09'),(2,'LifeQuality','2021-04-17 18:18:09','2021-04-17 18:18:09'),(3,'World','2021-04-17 18:18:09','2021-04-17 18:18:09'),(4,'Public','2021-04-17 18:18:09','2021-04-17 18:18:09'),(5,'IT-News','2021-04-17 18:18:09','2021-04-17 18:18:09'),(6,'Projects & Products','2021-04-17 18:18:09','2021-04-17 18:18:09'),(7,'Sell&Buy','2021-04-17 18:18:09','2021-04-17 18:18:09');
/*!40000 ALTER TABLE `categories` ENABLE KEYS */;
UNLOCK TABLES;

--
-- Table structure for table `communication_clients`
--

DROP TABLE IF EXISTS `communication_clients`;
/*!40101 SET @saved_cs_client     = @@character_set_client */;
/*!50503 SET character_set_client = utf8mb4 */;
CREATE TABLE `communication_clients` (
  `id` int unsigned NOT NULL AUTO_INCREMENT COMMENT 'Идентификатор статуса',
  `name` varchar(255) NOT NULL COMMENT 'Именование клинета',
  `created_at` datetime DEFAULT CURRENT_TIMESTAMP COMMENT 'Дата создания строки',
  `updated_at` datetime DEFAULT CURRENT_TIMESTAMP ON UPDATE CURRENT_TIMESTAMP COMMENT 'Дата обновления строки',
  PRIMARY KEY (`id`),
  UNIQUE KEY `name` (`name`)
) ENGINE=InnoDB AUTO_INCREMENT=12 DEFAULT CHARSET=utf8mb4 COLLATE=utf8mb4_0900_ai_ci COMMENT='Справочник способов связи';
/*!40101 SET character_set_client = @saved_cs_client */;

--
-- Dumping data for table `communication_clients`
--

LOCK TABLES `communication_clients` WRITE;
/*!40000 ALTER TABLE `communication_clients` DISABLE KEYS */;
INSERT INTO `communication_clients` VALUES (1,'Phone','2021-04-17 18:23:19','2021-04-17 23:00:43'),(2,'Telegram','2021-04-17 18:23:19','2021-04-17 23:00:43'),(3,'Slack','2021-04-17 18:23:19','2021-04-17 23:00:43'),(4,'Skype','2021-04-17 18:23:19','2021-04-17 23:00:43'),(5,'Rocket Chat','2021-04-17 18:23:19','2021-04-17 23:00:43');
/*!40000 ALTER TABLE `communication_clients` ENABLE KEYS */;
UNLOCK TABLES;

--
-- Temporary view structure for view `depart_structure`
--

DROP TABLE IF EXISTS `depart_structure`;
/*!50001 DROP VIEW IF EXISTS `depart_structure`*/;
SET @saved_cs_client     = @@character_set_client;
/*!50503 SET character_set_client = utf8mb4 */;
/*!50001 CREATE VIEW `depart_structure` AS SELECT 
 1 AS `Департамент`,
 1 AS `Отделы`,
 1 AS `Директор`*/;
SET character_set_client = @saved_cs_client;

--
-- Table structure for table `departments`
--

DROP TABLE IF EXISTS `departments`;
/*!40101 SET @saved_cs_client     = @@character_set_client */;
/*!50503 SET character_set_client = utf8mb4 */;
CREATE TABLE `departments` (
  `id` int unsigned NOT NULL AUTO_INCREMENT COMMENT 'Идентификатор департамента',
  `name` varchar(255) NOT NULL COMMENT 'Именование департамента',
  `director_id` int unsigned NOT NULL COMMENT 'Дирктор департамента',
  `created_at` datetime DEFAULT CURRENT_TIMESTAMP COMMENT 'Дата создания строки',
  `updated_at` datetime DEFAULT CURRENT_TIMESTAMP ON UPDATE CURRENT_TIMESTAMP COMMENT 'Дата обновления строки',
  PRIMARY KEY (`id`),
  UNIQUE KEY `name` (`name`),
  KEY `depatm_fk_user` (`director_id`),
  CONSTRAINT `depatm_fk_user` FOREIGN KEY (`director_id`) REFERENCES `employers` (`user_id`)
) ENGINE=InnoDB AUTO_INCREMENT=4 DEFAULT CHARSET=utf8mb4 COLLATE=utf8mb4_0900_ai_ci COMMENT='Справочник детартаментов';
/*!40101 SET character_set_client = @saved_cs_client */;

--
-- Dumping data for table `departments`
--

LOCK TABLES `departments` WRITE;
/*!40000 ALTER TABLE `departments` DISABLE KEYS */;
INSERT INTO `departments` VALUES (1,'Mobile Development Depatment',182,'2021-04-18 10:13:01','2021-04-18 10:13:01'),(2,'MiddleWare Development Depatment',6,'2021-04-18 10:13:01','2021-04-18 10:13:01'),(3,'Service Development Depatment',37,'2021-04-18 10:13:01','2021-04-18 10:13:01');
/*!40000 ALTER TABLE `departments` ENABLE KEYS */;
UNLOCK TABLES;

--
-- Temporary view structure for view `employee_depart_list`
--

DROP TABLE IF EXISTS `employee_depart_list`;
/*!50001 DROP VIEW IF EXISTS `employee_depart_list`*/;
SET @saved_cs_client     = @@character_set_client;
/*!50503 SET character_set_client = utf8mb4 */;
/*!50001 CREATE VIEW `employee_depart_list` AS SELECT 
 1 AS `Фото`,
 1 AS `Имя, фамилия`,
 1 AS `E-mail`,
 1 AS `Должность`,
 1 AS `Подразделение`*/;
SET character_set_client = @saved_cs_client;

--
-- Table structure for table `employee_position`
--

DROP TABLE IF EXISTS `employee_position`;
/*!40101 SET @saved_cs_client     = @@character_set_client */;
/*!50503 SET character_set_client = utf8mb4 */;
CREATE TABLE `employee_position` (
  `user_id` int unsigned NOT NULL COMMENT 'Сотрудника идентификатор',
  `position_id` int unsigned NOT NULL COMMENT 'Должность сотрудника',
  `team_id` int unsigned DEFAULT NULL COMMENT 'Отдел',
  `department_id` int unsigned DEFAULT NULL COMMENT 'Департамент',
  `chief_id` int unsigned DEFAULT NULL COMMENT 'Руководитель сотрудника',
  `created_at` datetime DEFAULT CURRENT_TIMESTAMP COMMENT 'Дата создания строки',
  `updated_at` datetime DEFAULT CURRENT_TIMESTAMP ON UPDATE CURRENT_TIMESTAMP COMMENT 'Дата обновления строки',
  PRIMARY KEY (`user_id`),
  KEY `empl_position_fk_posit_id` (`position_id`),
  KEY `empl_position_fk_team_id` (`team_id`),
  KEY `empl_position_fk_depatm_id` (`department_id`),
  KEY `empl_position_fk_chief` (`chief_id`),
  CONSTRAINT `empl_position_fk_chief` FOREIGN KEY (`chief_id`) REFERENCES `employers` (`user_id`),
  CONSTRAINT `empl_position_fk_depatm_id` FOREIGN KEY (`department_id`) REFERENCES `departments` (`id`),
  CONSTRAINT `empl_position_fk_posit_id` FOREIGN KEY (`position_id`) REFERENCES `positions` (`id`),
  CONSTRAINT `empl_position_fk_team_id` FOREIGN KEY (`team_id`) REFERENCES `teams` (`id`),
  CONSTRAINT `empl_position_fk_user` FOREIGN KEY (`user_id`) REFERENCES `employers` (`user_id`) ON DELETE CASCADE
) ENGINE=InnoDB DEFAULT CHARSET=utf8mb4 COLLATE=utf8mb4_0900_ai_ci COMMENT='Положение сотрудника';
/*!40101 SET character_set_client = @saved_cs_client */;

--
-- Dumping data for table `employee_position`
--

LOCK TABLES `employee_position` WRITE;
/*!40000 ALTER TABLE `employee_position` DISABLE KEYS */;
INSERT INTO `employee_position` VALUES (1,2,10,NULL,157,'2021-04-18 10:50:11','2021-04-18 11:04:53'),(2,4,13,NULL,7,'2021-04-18 10:50:11','2021-04-18 11:04:53'),(3,13,5,NULL,13,'2021-04-18 10:50:11','2021-04-18 11:04:53'),(4,4,6,NULL,193,'2021-04-18 10:50:11','2021-04-18 11:04:53'),(5,21,12,NULL,136,'2021-04-18 10:50:11','2021-04-18 11:04:53'),(6,30,NULL,3,NULL,'2021-04-18 10:50:11','2021-04-18 11:04:46'),(7,15,7,NULL,104,'2021-04-18 10:50:11','2021-04-18 11:04:53'),(8,20,5,NULL,69,'2021-04-18 10:50:11','2021-04-18 11:04:53'),(9,20,14,NULL,11,'2021-04-18 10:50:11','2021-04-18 11:04:53'),(10,15,1,NULL,155,'2021-04-18 10:50:11','2021-04-18 11:04:53'),(11,5,1,NULL,48,'2021-04-18 10:50:11','2021-04-18 11:04:53'),(12,5,13,NULL,97,'2021-04-18 10:50:11','2021-04-18 11:04:53'),(13,16,5,NULL,189,'2021-04-18 10:50:11','2021-04-18 11:04:53'),(14,20,4,NULL,65,'2021-04-18 10:50:11','2021-04-18 11:04:53'),(15,25,2,NULL,96,'2021-04-18 10:50:11','2021-04-18 11:04:53'),(16,13,12,NULL,55,'2021-04-18 10:50:11','2021-04-18 11:04:53'),(17,15,13,NULL,130,'2021-04-18 10:50:11','2021-04-18 11:04:53'),(18,23,5,NULL,36,'2021-04-18 10:50:11','2021-04-18 11:04:53'),(19,2,11,NULL,109,'2021-04-18 10:50:11','2021-04-18 11:04:53'),(20,12,10,NULL,95,'2021-04-18 10:50:11','2021-04-18 11:04:53'),(21,29,9,NULL,69,'2021-04-18 10:50:11','2021-04-18 11:04:53'),(22,29,7,NULL,15,'2021-04-18 10:50:11','2021-04-18 11:04:53'),(23,3,13,NULL,155,'2021-04-18 10:50:11','2021-04-18 11:04:53'),(24,30,NULL,3,NULL,'2021-04-18 10:50:11','2021-04-18 11:04:46'),(25,12,9,NULL,199,'2021-04-18 10:50:11','2021-04-18 11:04:53'),(26,8,10,NULL,21,'2021-04-18 10:50:11','2021-04-18 11:04:53'),(27,26,14,NULL,140,'2021-04-18 10:50:11','2021-04-18 11:04:53'),(28,16,4,NULL,71,'2021-04-18 10:50:11','2021-04-18 11:04:53'),(29,10,11,NULL,23,'2021-04-18 10:50:11','2021-04-18 11:04:53'),(30,19,12,NULL,57,'2021-04-18 10:50:11','2021-04-18 11:04:53'),(31,12,1,NULL,146,'2021-04-18 10:50:11','2021-04-18 11:04:53'),(32,15,1,NULL,13,'2021-04-18 10:50:11','2021-04-18 11:04:53'),(33,28,12,NULL,184,'2021-04-18 10:50:11','2021-04-18 11:04:53'),(34,13,14,NULL,132,'2021-04-18 10:50:11','2021-04-18 11:04:53'),(35,6,4,NULL,79,'2021-04-18 10:50:11','2021-04-18 11:04:53'),(36,28,1,NULL,62,'2021-04-18 10:50:11','2021-04-18 11:04:53'),(37,30,NULL,1,NULL,'2021-04-18 10:50:11','2021-04-18 11:04:46'),(38,17,1,NULL,140,'2021-04-18 10:50:11','2021-04-18 11:04:53'),(39,7,9,NULL,8,'2021-04-18 10:50:11','2021-04-18 11:04:53'),(40,23,13,NULL,108,'2021-04-18 10:50:11','2021-04-18 11:04:53'),(41,13,11,NULL,87,'2021-04-18 10:50:11','2021-04-18 11:04:53'),(42,24,10,NULL,88,'2021-04-18 10:50:11','2021-04-18 11:04:53'),(43,31,NULL,NULL,43,'2021-04-18 10:50:11','2021-04-18 11:06:20'),(44,21,9,NULL,113,'2021-04-18 10:50:11','2021-04-18 11:04:53'),(45,10,14,NULL,11,'2021-04-18 10:50:11','2021-04-18 11:04:53'),(46,18,2,NULL,168,'2021-04-18 10:50:11','2021-04-18 11:04:53'),(47,17,12,NULL,188,'2021-04-18 10:50:11','2021-04-18 11:04:53'),(48,9,10,NULL,125,'2021-04-18 10:50:11','2021-04-18 11:04:53'),(49,25,2,NULL,95,'2021-04-18 10:50:11','2021-04-18 11:04:53'),(50,7,14,NULL,70,'2021-04-18 10:50:11','2021-04-18 11:04:53'),(51,19,9,NULL,126,'2021-04-18 10:50:11','2021-04-18 11:04:53'),(52,14,13,NULL,133,'2021-04-18 10:50:11','2021-04-18 11:04:53'),(53,15,13,NULL,105,'2021-04-18 10:50:11','2021-04-18 11:04:53'),(54,1,1,1,77,'2021-04-18 10:50:11','2021-04-18 16:42:13'),(55,17,10,NULL,23,'2021-04-18 10:50:11','2021-04-18 11:04:53'),(56,5,12,NULL,103,'2021-04-18 10:50:11','2021-04-18 11:04:53'),(57,11,7,NULL,60,'2021-04-18 10:50:11','2021-04-18 11:04:53'),(58,11,4,NULL,123,'2021-04-18 10:50:11','2021-04-18 11:04:53'),(59,6,4,NULL,158,'2021-04-18 10:50:11','2021-04-18 11:04:53'),(60,22,4,NULL,125,'2021-04-18 10:50:11','2021-04-18 11:04:53'),(61,22,14,NULL,36,'2021-04-18 10:50:11','2021-04-18 11:04:53'),(62,24,11,NULL,108,'2021-04-18 10:50:11','2021-04-18 11:04:53'),(63,6,9,NULL,49,'2021-04-18 10:50:11','2021-04-18 11:04:53'),(64,25,10,NULL,32,'2021-04-18 10:50:11','2021-04-18 11:04:53'),(65,1,2,NULL,49,'2021-04-18 10:50:11','2021-04-18 11:04:53'),(66,16,3,NULL,52,'2021-04-18 10:50:11','2021-04-18 11:04:53'),(67,9,1,NULL,108,'2021-04-18 10:50:11','2021-04-18 11:04:53'),(68,4,13,NULL,169,'2021-04-18 10:50:11','2021-04-18 11:04:53'),(69,23,14,NULL,18,'2021-04-18 10:50:11','2021-04-18 11:04:53'),(70,7,1,NULL,137,'2021-04-18 10:50:11','2021-04-18 11:04:53'),(71,24,1,NULL,175,'2021-04-18 10:50:11','2021-04-18 11:04:53'),(72,15,13,NULL,95,'2021-04-18 10:50:11','2021-04-18 11:04:53'),(73,4,4,NULL,25,'2021-04-18 10:50:11','2021-04-18 11:04:53'),(74,4,1,NULL,92,'2021-04-18 10:50:11','2021-04-18 11:04:53'),(75,2,8,NULL,135,'2021-04-18 10:50:11','2021-04-18 11:04:53'),(76,18,14,NULL,149,'2021-04-18 10:50:11','2021-04-18 11:04:53'),(77,16,10,NULL,158,'2021-04-18 10:50:11','2021-04-18 11:04:53'),(78,19,7,NULL,151,'2021-04-18 10:50:11','2021-04-18 11:04:53'),(79,10,3,NULL,184,'2021-04-18 10:50:11','2021-04-18 11:04:53'),(80,11,2,NULL,124,'2021-04-18 10:50:11','2021-04-18 11:04:53'),(81,18,4,NULL,52,'2021-04-18 10:50:11','2021-04-18 11:04:53'),(82,7,14,NULL,186,'2021-04-18 10:50:11','2021-04-18 11:04:53'),(83,5,14,NULL,146,'2021-04-18 10:50:11','2021-04-18 11:04:53'),(84,19,6,NULL,169,'2021-04-18 10:50:11','2021-04-18 11:04:53'),(85,12,12,NULL,53,'2021-04-18 10:50:11','2021-04-18 11:04:53'),(86,21,3,NULL,179,'2021-04-18 10:50:11','2021-04-18 11:04:53'),(87,20,11,NULL,152,'2021-04-18 10:50:11','2021-04-18 11:04:53'),(88,24,10,NULL,88,'2021-04-18 10:50:11','2021-04-18 11:04:53'),(89,15,6,NULL,42,'2021-04-18 10:50:11','2021-04-18 11:04:53'),(90,22,6,NULL,144,'2021-04-18 10:50:11','2021-04-18 11:04:53'),(91,27,12,NULL,113,'2021-04-18 10:50:11','2021-04-18 11:04:53'),(92,30,NULL,2,NULL,'2021-04-18 10:50:11','2021-04-18 11:04:46'),(93,10,8,NULL,7,'2021-04-18 10:50:11','2021-04-18 11:04:53'),(94,29,10,NULL,197,'2021-04-18 10:50:11','2021-04-18 11:04:53'),(95,17,10,NULL,83,'2021-04-18 10:50:11','2021-04-18 11:04:53'),(96,5,7,NULL,131,'2021-04-18 10:50:11','2021-04-18 11:04:53'),(97,16,9,NULL,122,'2021-04-18 10:50:11','2021-04-18 11:04:53'),(98,12,9,NULL,26,'2021-04-18 10:50:11','2021-04-18 11:04:53'),(99,19,10,NULL,45,'2021-04-18 10:50:11','2021-04-18 11:04:53'),(100,26,5,NULL,53,'2021-04-18 10:50:11','2021-04-18 11:04:53'),(101,14,10,NULL,63,'2021-04-18 10:50:11','2021-04-18 11:04:53'),(102,20,1,NULL,30,'2021-04-18 10:50:11','2021-04-18 11:04:53'),(103,25,11,NULL,58,'2021-04-18 10:50:11','2021-04-18 11:04:53'),(104,4,2,NULL,136,'2021-04-18 10:50:11','2021-04-18 11:04:53'),(105,23,13,NULL,109,'2021-04-18 10:50:11','2021-04-18 11:04:53'),(106,28,6,NULL,114,'2021-04-18 10:50:11','2021-04-18 11:04:53'),(107,17,1,NULL,167,'2021-04-18 10:50:11','2021-04-18 11:04:53'),(108,15,1,NULL,34,'2021-04-18 10:50:11','2021-04-18 11:04:53'),(109,20,9,NULL,36,'2021-04-18 10:50:11','2021-04-18 11:04:53'),(110,2,5,NULL,156,'2021-04-18 10:50:11','2021-04-18 11:04:53'),(111,15,2,NULL,172,'2021-04-18 10:50:11','2021-04-18 11:04:53'),(112,12,7,NULL,24,'2021-04-18 10:50:11','2021-04-18 11:04:53'),(113,1,3,NULL,61,'2021-04-18 10:50:11','2021-04-18 11:04:53'),(114,4,10,NULL,76,'2021-04-18 10:50:11','2021-04-18 11:04:53'),(115,2,2,NULL,64,'2021-04-18 10:50:11','2021-04-18 11:04:53'),(116,25,14,NULL,74,'2021-04-18 10:50:11','2021-04-18 11:04:53'),(117,17,9,NULL,54,'2021-04-18 10:50:11','2021-04-18 11:04:53'),(118,8,13,NULL,17,'2021-04-18 10:50:11','2021-04-18 11:04:53'),(119,14,4,NULL,167,'2021-04-18 10:50:11','2021-04-18 11:04:53'),(120,26,1,NULL,13,'2021-04-18 10:50:11','2021-04-18 11:04:53'),(121,2,11,NULL,73,'2021-04-18 10:50:11','2021-04-18 11:04:53'),(122,4,4,NULL,114,'2021-04-18 10:50:11','2021-04-18 11:04:53'),(123,28,11,NULL,34,'2021-04-18 10:50:11','2021-04-18 11:04:53'),(124,16,12,NULL,174,'2021-04-18 10:50:11','2021-04-18 11:04:53'),(125,23,3,NULL,49,'2021-04-18 10:50:11','2021-04-18 11:04:53'),(126,11,4,NULL,165,'2021-04-18 10:50:11','2021-04-18 11:04:53'),(127,21,4,NULL,63,'2021-04-18 10:50:11','2021-04-18 11:04:53'),(128,7,13,NULL,121,'2021-04-18 10:50:11','2021-04-18 11:04:53'),(129,5,9,NULL,169,'2021-04-18 10:50:11','2021-04-18 11:04:53'),(130,29,13,NULL,142,'2021-04-18 10:50:11','2021-04-18 11:04:53'),(131,5,12,NULL,2,'2021-04-18 10:50:11','2021-04-18 11:04:53'),(132,12,11,NULL,23,'2021-04-18 10:50:11','2021-04-18 11:04:53'),(133,15,10,NULL,76,'2021-04-18 10:50:11','2021-04-18 11:04:53'),(134,22,6,NULL,110,'2021-04-18 10:50:11','2021-04-18 11:04:53'),(135,3,14,NULL,30,'2021-04-18 10:50:11','2021-04-18 11:04:53'),(136,11,13,NULL,32,'2021-04-18 10:50:11','2021-04-18 11:04:53'),(137,8,6,NULL,99,'2021-04-18 10:50:11','2021-04-18 11:04:53'),(138,4,4,NULL,153,'2021-04-18 10:50:11','2021-04-18 11:04:53'),(139,31,NULL,NULL,139,'2021-04-18 10:50:11','2021-04-18 11:06:20'),(140,6,9,NULL,150,'2021-04-18 10:50:11','2021-04-18 11:04:53'),(141,6,13,NULL,92,'2021-04-18 10:50:11','2021-04-18 11:04:53'),(142,29,14,NULL,86,'2021-04-18 10:50:11','2021-04-18 11:04:53'),(143,21,7,NULL,200,'2021-04-18 10:50:11','2021-04-18 11:04:53'),(144,8,6,NULL,181,'2021-04-18 10:50:11','2021-04-18 11:04:53'),(145,19,8,NULL,179,'2021-04-18 10:50:11','2021-04-18 11:04:53'),(146,14,2,NULL,19,'2021-04-18 10:50:11','2021-04-18 11:04:53'),(147,6,6,NULL,42,'2021-04-18 10:50:11','2021-04-18 11:04:53'),(148,16,1,NULL,138,'2021-04-18 10:50:11','2021-04-18 11:04:53'),(149,19,4,NULL,166,'2021-04-18 10:50:11','2021-04-18 11:04:53'),(150,13,11,NULL,146,'2021-04-18 10:50:11','2021-04-18 11:04:53'),(151,29,9,NULL,93,'2021-04-18 10:50:11','2021-04-18 11:04:53'),(152,31,NULL,NULL,152,'2021-04-18 10:50:11','2021-04-18 11:06:20'),(153,10,4,NULL,163,'2021-04-18 10:50:11','2021-04-18 11:04:53'),(154,14,10,NULL,124,'2021-04-18 10:50:11','2021-04-18 11:04:53'),(155,7,8,NULL,1,'2021-04-18 10:50:11','2021-04-18 11:04:53'),(156,20,12,NULL,148,'2021-04-18 10:50:11','2021-04-18 11:04:53'),(157,12,12,NULL,12,'2021-04-18 10:50:11','2021-04-18 11:04:53'),(158,1,11,NULL,53,'2021-04-18 10:50:11','2021-04-18 11:04:53'),(159,27,13,NULL,20,'2021-04-18 10:50:11','2021-04-18 11:04:53'),(160,28,3,NULL,157,'2021-04-18 10:50:11','2021-04-18 11:04:53'),(161,1,6,NULL,135,'2021-04-18 10:50:11','2021-04-18 11:04:53'),(162,5,1,NULL,6,'2021-04-18 10:50:11','2021-04-18 11:04:53'),(163,21,6,NULL,118,'2021-04-18 10:50:11','2021-04-18 11:04:53'),(164,21,10,NULL,163,'2021-04-18 10:50:11','2021-04-18 11:04:53'),(165,19,10,NULL,192,'2021-04-18 10:50:11','2021-04-18 11:04:53'),(166,5,5,NULL,94,'2021-04-18 10:50:11','2021-04-18 11:04:53'),(167,10,10,NULL,54,'2021-04-18 10:50:11','2021-04-18 11:04:53'),(168,13,12,NULL,110,'2021-04-18 10:50:11','2021-04-18 11:04:53'),(169,7,6,NULL,124,'2021-04-18 10:50:11','2021-04-18 11:04:53'),(170,26,4,NULL,27,'2021-04-18 10:50:11','2021-04-18 11:04:53'),(171,26,5,NULL,127,'2021-04-18 10:50:11','2021-04-18 11:04:53'),(172,15,11,NULL,134,'2021-04-18 10:50:11','2021-04-18 11:04:53'),(173,30,NULL,3,NULL,'2021-04-18 10:50:11','2021-04-18 11:04:46'),(174,4,4,NULL,74,'2021-04-18 10:50:11','2021-04-18 11:04:53'),(175,4,2,NULL,149,'2021-04-18 10:50:11','2021-04-18 11:04:53'),(176,13,12,NULL,118,'2021-04-18 10:50:11','2021-04-18 11:04:53'),(177,21,1,NULL,155,'2021-04-18 10:50:11','2021-04-18 11:04:53'),(178,17,11,NULL,183,'2021-04-18 10:50:11','2021-04-18 11:04:53'),(179,31,NULL,NULL,179,'2021-04-18 10:50:11','2021-04-18 11:06:20'),(180,23,9,NULL,41,'2021-04-18 10:50:11','2021-04-18 11:04:53'),(181,23,6,NULL,63,'2021-04-18 10:50:11','2021-04-18 11:04:53'),(182,30,NULL,2,NULL,'2021-04-18 10:50:11','2021-04-18 11:04:46'),(183,3,14,NULL,199,'2021-04-18 10:50:11','2021-04-18 11:04:53'),(184,27,2,NULL,43,'2021-04-18 10:50:11','2021-04-18 11:04:53'),(185,24,5,NULL,75,'2021-04-18 10:50:11','2021-04-18 11:04:53'),(186,8,11,NULL,87,'2021-04-18 10:50:11','2021-04-18 11:04:53'),(187,1,11,NULL,84,'2021-04-18 10:50:11','2021-04-18 11:04:53'),(188,2,8,NULL,161,'2021-04-18 10:50:11','2021-04-18 11:04:53'),(189,3,7,NULL,142,'2021-04-18 10:50:11','2021-04-18 11:04:53'),(190,4,12,NULL,170,'2021-04-18 10:50:11','2021-04-18 11:04:53'),(191,31,NULL,NULL,191,'2021-04-18 10:50:11','2021-04-18 11:06:20'),(192,3,14,NULL,86,'2021-04-18 10:50:11','2021-04-18 11:04:53'),(193,20,1,NULL,107,'2021-04-18 10:50:11','2021-04-18 11:04:53'),(194,14,9,NULL,24,'2021-04-18 10:50:11','2021-04-18 11:04:53'),(195,12,11,NULL,159,'2021-04-18 10:50:11','2021-04-18 11:04:53'),(196,11,7,NULL,117,'2021-04-18 10:50:11','2021-04-18 11:04:53'),(197,28,13,NULL,41,'2021-04-18 10:50:11','2021-04-18 11:04:53'),(198,23,3,NULL,58,'2021-04-18 10:50:11','2021-04-18 11:04:53'),(199,19,8,NULL,33,'2021-04-18 10:50:11','2021-04-18 11:04:53'),(200,2,8,NULL,103,'2021-04-18 10:50:11','2021-04-18 11:04:53');
/*!40000 ALTER TABLE `employee_position` ENABLE KEYS */;
UNLOCK TABLES;
/*!50003 SET @saved_cs_client      = @@character_set_client */ ;
/*!50003 SET @saved_cs_results     = @@character_set_results */ ;
/*!50003 SET @saved_col_connection = @@collation_connection */ ;
/*!50003 SET character_set_client  = utf8mb4 */ ;
/*!50003 SET character_set_results = utf8mb4 */ ;
/*!50003 SET collation_connection  = utf8mb4_0900_ai_ci */ ;
/*!50003 SET @saved_sql_mode       = @@sql_mode */ ;
/*!50003 SET sql_mode              = 'ONLY_FULL_GROUP_BY,STRICT_TRANS_TABLES,NO_ZERO_IN_DATE,NO_ZERO_DATE,ERROR_FOR_DIVISION_BY_ZERO,NO_ENGINE_SUBSTITUTION' */ ;
DELIMITER ;;
/*!50003 CREATE*/ /*!50017 DEFINER=`root`@`localhost`*/ /*!50003 TRIGGER `director_in_team` BEFORE UPDATE ON `employee_position` FOR EACH ROW begin
	if new.position_id in (30, 31) then
		set new.team_id = null;
	end if;
end */;;
DELIMITER ;
/*!50003 SET sql_mode              = @saved_sql_mode */ ;
/*!50003 SET character_set_client  = @saved_cs_client */ ;
/*!50003 SET character_set_results = @saved_cs_results */ ;
/*!50003 SET collation_connection  = @saved_col_connection */ ;
/*!50003 SET @saved_cs_client      = @@character_set_client */ ;
/*!50003 SET @saved_cs_results     = @@character_set_results */ ;
/*!50003 SET @saved_col_connection = @@collation_connection */ ;
/*!50003 SET character_set_client  = utf8mb4 */ ;
/*!50003 SET character_set_results = utf8mb4 */ ;
/*!50003 SET collation_connection  = utf8mb4_0900_ai_ci */ ;
/*!50003 SET @saved_sql_mode       = @@sql_mode */ ;
/*!50003 SET sql_mode              = 'ONLY_FULL_GROUP_BY,STRICT_TRANS_TABLES,NO_ZERO_IN_DATE,NO_ZERO_DATE,ERROR_FOR_DIVISION_BY_ZERO,NO_ENGINE_SUBSTITUTION' */ ;
DELIMITER ;;
/*!50003 CREATE*/ /*!50017 DEFINER=`root`@`localhost`*/ /*!50003 TRIGGER `exdirector_in_department` BEFORE UPDATE ON `employee_position` FOR EACH ROW begin
	if new.position_id = 31 then
		set new.department_id = null;
	end if;
end */;;
DELIMITER ;
/*!50003 SET sql_mode              = @saved_sql_mode */ ;
/*!50003 SET character_set_client  = @saved_cs_client */ ;
/*!50003 SET character_set_results = @saved_cs_results */ ;
/*!50003 SET collation_connection  = @saved_col_connection */ ;

--
-- Table structure for table `employee_status`
--

DROP TABLE IF EXISTS `employee_status`;
/*!40101 SET @saved_cs_client     = @@character_set_client */;
/*!50503 SET character_set_client = utf8mb4 */;
CREATE TABLE `employee_status` (
  `id` int unsigned NOT NULL AUTO_INCREMENT COMMENT 'Идентификатор строки',
  `user_id` int unsigned NOT NULL COMMENT 'Сотрудника идентификатор',
  `status_id` int unsigned NOT NULL COMMENT 'Идентификатор статуса',
  `date_start` datetime NOT NULL COMMENT 'Начало действия статуса',
  `date_end` datetime NOT NULL COMMENT 'Окончание действия статуса',
  `created_at` datetime DEFAULT CURRENT_TIMESTAMP COMMENT 'Дата создания строки',
  `updated_at` datetime DEFAULT CURRENT_TIMESTAMP ON UPDATE CURRENT_TIMESTAMP COMMENT 'Дата обновления строки',
  PRIMARY KEY (`id`),
  KEY `empl_status_fk_user` (`user_id`),
  KEY `empl_status_fk_status_id` (`status_id`),
  CONSTRAINT `empl_status_fk_status_id` FOREIGN KEY (`status_id`) REFERENCES `user_statuses` (`id`) ON DELETE CASCADE,
  CONSTRAINT `empl_status_fk_user` FOREIGN KEY (`user_id`) REFERENCES `employers` (`user_id`) ON DELETE CASCADE
) ENGINE=InnoDB AUTO_INCREMENT=66 DEFAULT CHARSET=utf8mb4 COLLATE=utf8mb4_0900_ai_ci COMMENT='ТCтатус сотрудника (отпуска, больничные и пр)';
/*!40101 SET character_set_client = @saved_cs_client */;

--
-- Dumping data for table `employee_status`
--

LOCK TABLES `employee_status` WRITE;
/*!40000 ALTER TABLE `employee_status` DISABLE KEYS */;
INSERT INTO `employee_status` VALUES (1,85,6,'2016-06-10 00:39:02','2016-06-13 10:15:12','2021-04-18 01:08:06','2021-04-18 02:12:48'),(2,168,4,'2003-05-24 00:18:13','2003-05-29 07:33:20','2021-04-18 01:08:06','2021-04-18 02:12:48'),(3,182,4,'2000-11-24 23:34:51','2000-12-11 07:01:57','2021-04-18 01:08:06','2021-04-18 02:12:48'),(4,169,4,'2010-08-24 06:07:16','2010-08-29 21:37:24','2021-04-18 01:08:06','2021-04-18 02:12:48'),(5,149,2,'1993-09-16 17:43:07','1993-09-26 01:11:03','2021-04-18 01:08:06','2021-04-18 02:12:48'),(6,198,5,'2006-03-13 09:02:49','2006-04-11 22:20:01','2021-04-18 01:08:06','2021-04-18 02:12:48'),(7,36,2,'2011-02-05 14:25:26','2011-03-07 11:18:58','2021-04-18 01:08:06','2021-04-18 02:12:48'),(8,1,3,'1996-05-12 10:10:59','1996-05-13 02:49:42','2021-04-18 01:08:06','2021-04-18 02:12:48'),(9,182,1,'2001-09-12 19:49:42','2001-09-16 16:22:41','2021-04-18 01:08:06','2021-04-18 02:12:48'),(10,133,1,'2020-05-25 04:04:12','2020-06-11 08:52:58','2021-04-18 01:08:06','2021-04-18 02:12:48'),(11,87,4,'2019-01-14 05:27:36','2019-01-28 15:52:30','2021-04-18 01:08:06','2021-04-18 02:12:48'),(12,42,2,'2003-10-31 19:53:30','2003-11-21 09:31:40','2021-04-18 01:08:06','2021-04-18 02:12:48'),(13,182,3,'2006-10-03 07:11:23','2006-11-01 20:06:38','2021-04-18 01:08:06','2021-04-18 02:12:48'),(14,148,2,'2015-02-03 00:31:30','2015-03-01 00:17:49','2021-04-18 01:08:06','2021-04-18 02:12:48'),(15,160,1,'2015-01-11 13:36:53','2015-01-22 21:39:58','2021-04-18 01:08:06','2021-04-18 02:12:48'),(16,70,7,'2000-05-17 19:46:07','2000-05-26 12:42:34','2021-04-18 01:08:06','2021-04-18 02:12:48'),(17,184,7,'2015-12-13 11:58:16','2015-12-23 00:31:17','2021-04-18 01:08:06','2021-04-18 02:12:48'),(18,21,1,'2019-01-17 15:26:57','2019-02-08 03:22:42','2021-04-18 01:08:06','2021-04-18 02:12:48'),(19,38,1,'2000-06-06 06:10:22','2000-06-25 04:10:04','2021-04-18 01:08:06','2021-04-18 02:12:48'),(20,67,1,'2010-08-06 00:32:38','2010-08-06 02:43:54','2021-04-18 01:08:06','2021-04-18 02:12:48'),(21,131,2,'2018-02-20 21:59:58','2018-02-24 14:57:10','2021-04-18 01:08:06','2021-04-18 02:12:48'),(22,42,7,'2002-12-28 15:05:54','2003-01-15 21:18:06','2021-04-18 01:08:06','2021-04-18 02:12:48'),(23,100,3,'2014-11-20 13:35:39','2014-12-10 17:45:01','2021-04-18 01:08:06','2021-04-18 02:12:48'),(24,193,5,'2016-06-09 12:10:13','2016-06-25 14:20:30','2021-04-18 01:08:06','2021-04-18 02:12:48'),(25,174,6,'2013-09-26 11:38:36','2013-10-16 10:01:54','2021-04-18 01:08:06','2021-04-18 02:12:48'),(26,58,4,'2006-09-16 09:29:02','2006-10-07 18:54:41','2021-04-18 01:08:06','2021-04-18 02:12:48'),(27,33,7,'2003-10-12 10:19:15','2003-10-29 13:51:54','2021-04-18 01:08:06','2021-04-18 02:12:48'),(28,108,6,'2005-07-16 21:21:56','2005-08-07 12:56:37','2021-04-18 01:08:06','2021-04-18 02:12:48'),(29,80,1,'2015-09-22 09:58:58','2015-10-19 03:57:27','2021-04-18 01:08:06','2021-04-18 02:12:48'),(30,22,3,'2017-03-21 12:43:00','2017-03-30 07:51:18','2021-04-18 01:08:06','2021-04-18 02:12:48'),(31,156,5,'2002-05-16 05:10:53','2002-06-08 22:56:58','2021-04-18 01:08:06','2021-04-18 02:12:48'),(32,127,1,'2020-02-17 01:06:24','2020-02-19 08:31:55','2021-04-18 01:08:06','2021-04-18 02:12:48'),(33,145,2,'2013-07-30 06:15:54','2013-07-30 14:05:15','2021-04-18 01:08:06','2021-04-18 02:12:48'),(34,2,6,'2016-04-30 23:55:31','2016-05-25 16:45:42','2021-04-18 01:08:06','2021-04-18 02:12:48'),(35,8,2,'2019-03-08 00:23:07','2019-03-10 13:05:58','2021-04-18 01:08:06','2021-04-18 02:12:48'),(36,39,4,'2010-11-25 13:56:57','2010-12-24 03:00:40','2021-04-18 01:08:06','2021-04-18 02:12:48'),(37,185,7,'2013-04-22 17:57:33','2013-05-07 21:07:34','2021-04-18 01:08:06','2021-04-18 02:12:48'),(38,195,4,'2003-07-29 17:31:49','2003-08-18 18:10:46','2021-04-18 01:08:06','2021-04-18 02:12:48'),(39,124,4,'2020-10-26 15:03:28','2020-11-20 08:48:09','2021-04-18 01:08:06','2021-04-18 02:12:48'),(40,124,5,'2020-11-05 05:32:01','2020-11-08 20:18:35','2021-04-18 01:08:06','2021-04-18 02:12:48'),(41,20,3,'2008-01-04 13:46:52','2008-01-08 10:25:38','2021-04-18 01:08:06','2021-04-18 02:12:48'),(42,82,6,'2012-01-31 07:59:05','2012-02-08 18:53:14','2021-04-18 01:08:06','2021-04-18 02:12:48'),(43,87,4,'2010-06-22 14:25:16','2010-06-23 06:59:41','2021-04-18 01:08:06','2021-04-18 02:12:48'),(44,172,2,'2003-10-26 03:03:34','2003-11-03 05:13:12','2021-04-18 01:08:06','2021-04-18 02:12:48'),(45,174,3,'2020-03-09 09:49:20','2020-03-17 18:54:17','2021-04-18 01:08:06','2021-04-18 02:12:48'),(46,104,4,'2016-12-24 03:40:00','2017-01-10 18:35:52','2021-04-18 01:08:06','2021-04-18 02:12:48'),(47,57,1,'2021-02-16 03:07:34','2021-02-19 02:32:00','2021-04-18 01:08:06','2021-04-18 02:12:48'),(48,125,2,'2020-03-23 16:17:00','2020-04-14 16:31:35','2021-04-18 01:08:06','2021-04-18 02:12:48'),(49,143,2,'2015-03-04 18:01:52','2015-03-15 21:01:30','2021-04-18 01:08:06','2021-04-18 02:12:48'),(50,186,2,'2014-07-25 21:19:41','2014-08-14 11:34:07','2021-04-18 01:08:06','2021-04-18 02:12:48'),(51,126,5,'2020-07-18 00:37:38','2020-07-22 14:50:52','2021-04-18 01:08:06','2021-04-18 02:12:48'),(52,141,7,'2012-04-18 22:28:44','2012-05-13 02:51:35','2021-04-18 01:08:06','2021-04-18 02:12:48'),(53,64,1,'2012-01-11 17:58:27','2012-01-28 21:13:01','2021-04-18 01:08:06','2021-04-18 02:12:48'),(54,116,1,'2009-09-13 13:56:56','2009-09-26 17:01:14','2021-04-18 01:08:06','2021-04-18 02:12:48'),(55,15,6,'2011-04-02 09:20:34','2011-04-16 14:58:22','2021-04-18 01:08:06','2021-04-18 02:12:48'),(56,67,2,'2013-02-17 00:39:21','2013-02-18 19:35:28','2021-04-18 01:08:06','2021-04-18 02:12:48'),(57,127,4,'2020-06-01 02:12:34','2020-06-27 07:59:45','2021-04-18 01:08:06','2021-04-18 02:12:48'),(58,13,2,'2011-08-05 08:53:41','2011-08-11 05:01:13','2021-04-18 01:08:06','2021-04-18 02:12:48'),(59,99,2,'2006-07-15 11:03:14','2006-07-25 22:19:21','2021-04-18 01:08:06','2021-04-18 02:12:48'),(60,39,4,'2006-07-11 17:22:46','2006-07-16 13:20:45','2021-04-18 01:08:06','2021-04-18 02:12:48'),(61,162,2,'2016-04-22 15:29:14','2016-05-15 09:30:48','2021-04-18 01:08:06','2021-04-18 02:12:48'),(62,26,5,'2018-12-13 17:22:48','2018-12-22 23:36:42','2021-04-18 01:08:06','2021-04-18 02:12:48'),(63,74,6,'2011-06-03 23:26:11','2011-06-12 00:30:57','2021-04-18 01:08:06','2021-04-18 02:12:48'),(64,23,7,'2011-06-10 06:24:18','2011-06-22 17:06:27','2021-04-18 01:08:06','2021-04-18 02:12:48'),(65,97,5,'1996-03-28 06:22:34','1996-04-05 09:22:51','2021-04-18 01:08:06','2021-04-18 02:12:48');
/*!40000 ALTER TABLE `employee_status` ENABLE KEYS */;
UNLOCK TABLES;

--
-- Table structure for table `employers`
--

DROP TABLE IF EXISTS `employers`;
/*!40101 SET @saved_cs_client     = @@character_set_client */;
/*!50503 SET character_set_client = utf8mb4 */;
CREATE TABLE `employers` (
  `user_id` int unsigned NOT NULL AUTO_INCREMENT COMMENT 'Сотрудника идентификатор',
  `firstname` varchar(150) NOT NULL COMMENT 'Имя сотрудника',
  `lastname` varchar(150) NOT NULL COMMENT 'Фамилия сотрудника',
  `middlename` varchar(150) NOT NULL COMMENT 'Отчество сотрудника',
  `gender` tinyint unsigned NOT NULL COMMENT 'Пол: 1 = м, 0 = ж',
  `birthday` date NOT NULL COMMENT 'Дата рождения',
  `work_started` date NOT NULL COMMENT 'Дата начала работы',
  `email` varchar(100) NOT NULL COMMENT 'Почтовый адрес корпоративный',
  `avatar` varchar(255) DEFAULT NULL COMMENT 'Аватар пользователя, ссылка на файл',
  `created_at` datetime DEFAULT CURRENT_TIMESTAMP COMMENT 'Дата создания строки',
  `updated_at` datetime DEFAULT CURRENT_TIMESTAMP ON UPDATE CURRENT_TIMESTAMP COMMENT 'Дата обновления строки',
  PRIMARY KEY (`user_id`),
  UNIQUE KEY `email` (`email`)
) ENGINE=InnoDB AUTO_INCREMENT=201 DEFAULT CHARSET=utf8mb4 COLLATE=utf8mb4_0900_ai_ci COMMENT='Профиль сотрудника';
/*!40101 SET character_set_client = @saved_cs_client */;

--
-- Dumping data for table `employers`
--

LOCK TABLES `employers` WRITE;
/*!40000 ALTER TABLE `employers` DISABLE KEYS */;
INSERT INTO `employers` VALUES (1,'Coby','Kohler','Carmel',0,'1977-07-14','1992-12-08','coby.kohler@company.com','http://company.com/avatars/coby.kohler.png','2021-04-17 23:15:09','2021-04-18 00:53:04'),(2,'Delbert','Bauch','Joanne',0,'1994-08-28','2007-01-06','delbert.bauch@company.com','http://company.com/avatars/delbert.bauch.png','2021-04-17 23:15:09','2021-04-18 00:53:04'),(3,'Verona','Yost','Gayle',1,'1975-12-21','2000-02-15','verona.yost@company.com','http://company.com/avatars/verona.yost.png','2021-04-17 23:15:09','2021-04-18 00:53:04'),(4,'Ima','Considine','Nannie',1,'1973-10-25','2005-01-02','ima.considine@company.com','http://company.com/avatars/ima.considine.png','2021-04-17 23:15:09','2021-04-18 00:53:04'),(5,'Rubie','Lind','Gay',1,'1974-04-15','1992-08-10','rubie.lind@company.com','http://company.com/avatars/rubie.lind.png','2021-04-17 23:15:09','2021-04-18 00:53:04'),(6,'Clinton','Johnson','Lorna',1,'2002-09-02','2016-11-04','clinton.johnson@company.com','http://company.com/avatars/clinton.johnson.png','2021-04-17 23:15:09','2021-04-18 00:53:04'),(7,'Max','Runte','Jettie',0,'1998-12-28','1999-11-01','max.runte@company.com','http://company.com/avatars/max.runte.png','2021-04-17 23:15:09','2021-04-18 00:53:04'),(8,'Rhea','Flatley','Newton',1,'1990-07-09','2017-05-28','rhea.flatley@company.com','http://company.com/avatars/rhea.flatley.png','2021-04-17 23:15:09','2021-04-18 00:53:04'),(9,'Dannie','Considine','Stephania',1,'1989-06-13','1997-04-23','dannie.considine@company.com','http://company.com/avatars/dannie.considine.png','2021-04-17 23:15:09','2021-04-18 00:53:04'),(10,'Neoma','Weimann','Velda',1,'1981-12-07','1991-10-26','neoma.weimann@company.com','http://company.com/avatars/neoma.weimann.png','2021-04-17 23:15:09','2021-04-18 00:53:04'),(11,'Marlene','Jerde','Adolph',0,'1975-07-25','2008-02-20','marlene.jerde@company.com','http://company.com/avatars/marlene.jerde.png','2021-04-17 23:15:09','2021-04-18 00:53:04'),(12,'Constantin','Rodriguez','Mabelle',0,'1985-07-12','2006-07-02','constantin.rodriguez@company.com','http://company.com/avatars/constantin.rodriguez.png','2021-04-17 23:15:09','2021-04-18 00:53:04'),(13,'Jamel','Boehm','Devante',1,'1978-09-16','2009-02-09','jamel.boehm@company.com','http://company.com/avatars/jamel.boehm.png','2021-04-17 23:15:09','2021-04-18 00:53:04'),(14,'Rosella','Jacobi','Clement',0,'1981-03-22','2013-03-24','rosella.jacobi@company.com','http://company.com/avatars/rosella.jacobi.png','2021-04-17 23:15:09','2021-04-18 00:53:04'),(15,'Ludie','Kris','Fabian',0,'1995-05-06','2009-08-11','ludie.kris@company.com','http://company.com/avatars/ludie.kris.png','2021-04-17 23:15:09','2021-04-18 00:53:04'),(16,'Marta','Barrows','Jackson',1,'1987-07-02','2017-01-11','marta.barrows@company.com','http://company.com/avatars/marta.barrows.png','2021-04-17 23:15:09','2021-04-18 00:53:04'),(17,'Sabrina','Schulist','Oliver',0,'1996-07-17','2005-06-12','sabrina.schulist@company.com','http://company.com/avatars/sabrina.schulist.png','2021-04-17 23:15:09','2021-04-18 00:53:04'),(18,'Halle','Schulist','Neal',0,'1985-06-27','1994-07-16','halle.schulist@company.com','http://company.com/avatars/halle.schulist.png','2021-04-17 23:15:09','2021-04-18 00:53:04'),(19,'Conrad','Stoltenberg','Haskell',1,'1979-03-27','2017-05-27','conrad.stoltenberg@company.com','http://company.com/avatars/conrad.stoltenberg.png','2021-04-17 23:15:09','2021-04-18 00:53:04'),(20,'Darrin','Bogan','Ilene',1,'1991-08-13','2007-10-13','darrin.bogan@company.com','http://company.com/avatars/darrin.bogan.png','2021-04-17 23:15:09','2021-04-18 00:53:04'),(21,'Chester','Kling','Sasha',1,'1997-11-22','2009-11-27','chester.kling@company.com','http://company.com/avatars/chester.kling.png','2021-04-17 23:15:09','2021-04-18 00:53:04'),(22,'Donato','Blanda','Tatum',0,'1974-02-01','2016-10-26','donato.blanda@company.com','http://company.com/avatars/donato.blanda.png','2021-04-17 23:15:09','2021-04-18 00:53:04'),(23,'Vince','O\'Conner','Sonny',1,'1972-04-17','2007-11-22','vince.o\'conner@company.com','http://company.com/avatars/vince.o\'conner.png','2021-04-17 23:15:09','2021-04-18 00:53:04'),(24,'Beryl','Koch','Fannie',0,'1991-04-18','2007-04-18','beryl.koch@company.com','http://company.com/avatars/beryl.koch.png','2021-04-17 23:15:09','2021-04-18 17:05:03'),(25,'Lon','Mills','Mason',0,'1979-11-06','2011-05-07','lon.mills@company.com','http://company.com/avatars/lon.mills.png','2021-04-17 23:15:09','2021-04-18 00:53:04'),(26,'Patrick','Runolfsdottir','Derick',1,'1989-07-31','2016-02-08','patrick.runolfsdottir@company.com','http://company.com/avatars/patrick.runolfsdottir.png','2021-04-17 23:15:09','2021-04-18 00:53:04'),(27,'Fae','Mertz','Cornell',0,'1985-06-04','2012-03-12','fae.mertz@company.com','http://company.com/avatars/fae.mertz.png','2021-04-17 23:15:09','2021-04-18 00:53:04'),(28,'Amina','Cole','Dejuan',1,'1977-04-24','2015-07-01','amina.cole@company.com','http://company.com/avatars/amina.cole.png','2021-04-17 23:15:09','2021-04-18 00:53:04'),(29,'Friedrich','Bogan','Kaya',0,'1987-05-05','1993-01-10','friedrich.bogan@company.com','http://company.com/avatars/friedrich.bogan.png','2021-04-17 23:15:09','2021-04-18 00:53:04'),(30,'Dalton','Armstrong','Sister',1,'1997-05-27','2018-08-15','dalton.armstrong@company.com','http://company.com/avatars/dalton.armstrong.png','2021-04-17 23:15:09','2021-04-18 00:53:04'),(31,'Cory','Stark','Abelardo',1,'2003-03-28','2009-02-19','cory.stark@company.com','http://company.com/avatars/cory.stark.png','2021-04-17 23:15:09','2021-04-18 00:53:04'),(32,'Brady','Osinski','Kitty',0,'1991-11-15','1998-04-04','brady.osinski@company.com','http://company.com/avatars/brady.osinski.png','2021-04-17 23:15:09','2021-04-18 00:53:04'),(33,'Fiona','Prohaska','Braulio',1,'1976-11-19','1996-09-02','fiona.prohaska@company.com','http://company.com/avatars/fiona.prohaska.png','2021-04-17 23:15:09','2021-04-18 00:53:04'),(34,'Fidel','Schulist','Krystel',0,'1984-07-28','2006-04-09','fidel.schulist@company.com','http://company.com/avatars/fidel.schulist.png','2021-04-17 23:15:09','2021-04-18 00:53:04'),(35,'Sebastian','Ward','Hilario',1,'1980-05-10','2017-08-22','sebastian.ward@company.com','http://company.com/avatars/sebastian.ward.png','2021-04-17 23:15:09','2021-04-18 00:53:04'),(36,'Asa','Pollich','Derick',0,'1989-06-28','1996-10-19','asa.pollich@company.com','http://company.com/avatars/asa.pollich.png','2021-04-17 23:15:09','2021-04-18 00:53:04'),(37,'Alan','Mohr','Brando',1,'1979-02-16','2010-02-11','alan.mohr@company.com','http://company.com/avatars/alan.mohr.png','2021-04-17 23:15:09','2021-04-18 00:53:04'),(38,'Natasha','Gottlieb','Tiffany',0,'1985-04-02','1999-04-01','natasha.gottlieb@company.com','http://company.com/avatars/natasha.gottlieb.png','2021-04-17 23:15:09','2021-04-18 00:53:04'),(39,'Christop','Swift','Camron',0,'1973-01-16','2003-12-22','christop.swift@company.com','http://company.com/avatars/christop.swift.png','2021-04-17 23:15:09','2021-04-18 00:53:04'),(40,'Tabitha','Haag','Cierra',1,'2002-11-11','2014-12-29','tabitha.haag@company.com','http://company.com/avatars/tabitha.haag.png','2021-04-17 23:15:09','2021-04-18 00:53:04'),(41,'Marcelo','Runolfsdottir','Will',0,'1982-02-12','2011-10-16','marcelo.runolfsdottir@company.com','http://company.com/avatars/marcelo.runolfsdottir.png','2021-04-17 23:15:09','2021-04-18 00:53:04'),(42,'Candida','Frami','Queenie',1,'1985-02-05','1993-07-01','candida.frami@company.com','http://company.com/avatars/candida.frami.png','2021-04-17 23:15:09','2021-04-18 00:53:04'),(43,'Jesus','Mosciski','Abbey',1,'1974-11-29','2000-01-02','jesus.mosciski@company.com','http://company.com/avatars/jesus.mosciski.png','2021-04-17 23:15:09','2021-04-18 00:53:04'),(44,'Thea','Bayer','Jaycee',1,'1976-05-08','2017-05-30','thea.bayer@company.com','http://company.com/avatars/thea.bayer.png','2021-04-17 23:15:09','2021-04-18 00:53:04'),(45,'Deontae','Wunsch','Elouise',1,'2000-04-22','2019-07-11','deontae.wunsch@company.com','http://company.com/avatars/deontae.wunsch.png','2021-04-17 23:15:09','2021-04-18 00:53:04'),(46,'Tia','Wyman','Marvin',1,'1998-11-21','2011-05-24','tia.wyman@company.com','http://company.com/avatars/tia.wyman.png','2021-04-17 23:15:09','2021-04-18 00:53:04'),(47,'Ahmad','Lueilwitz','Rollin',1,'1978-03-07','2002-02-16','ahmad.lueilwitz@company.com','http://company.com/avatars/ahmad.lueilwitz.png','2021-04-17 23:15:09','2021-04-18 00:53:04'),(48,'Ibrahim','Welch','Janice',1,'1977-09-25','2017-08-07','ibrahim.welch@company.com','http://company.com/avatars/ibrahim.welch.png','2021-04-17 23:15:09','2021-04-18 00:53:04'),(49,'Frederik','Kuhic','Wayne',0,'1997-02-22','2006-10-04','frederik.kuhic@company.com','http://company.com/avatars/frederik.kuhic.png','2021-04-17 23:15:09','2021-04-18 00:53:04'),(50,'Madge','Simonis','Ines',0,'1989-09-30','2011-04-26','madge.simonis@company.com','http://company.com/avatars/madge.simonis.png','2021-04-17 23:15:09','2021-04-18 00:53:04'),(51,'Autumn','Schuppe','Jessica',1,'1991-05-28','1994-12-11','autumn.schuppe@company.com','http://company.com/avatars/autumn.schuppe.png','2021-04-17 23:15:09','2021-04-18 00:53:04'),(52,'Aliza','Quitzon','Noemi',1,'1994-05-12','2000-09-07','aliza.quitzon@company.com','http://company.com/avatars/aliza.quitzon.png','2021-04-17 23:15:09','2021-04-18 00:53:04'),(53,'Shanie','Blick','Kamron',0,'1972-03-29','2003-02-08','shanie.blick@company.com','http://company.com/avatars/shanie.blick.png','2021-04-17 23:15:09','2021-04-18 00:53:04'),(54,'Fleta','Gibson','Heath',1,'2000-09-12','2009-01-04','fleta.gibson@company.com','http://company.com/avatars/fleta.gibson.png','2021-04-17 23:15:09','2021-04-18 00:53:04'),(55,'Terrell','Kling','Stanley',0,'1979-12-18','1994-06-09','terrell.kling@company.com','http://company.com/avatars/terrell.kling.png','2021-04-17 23:15:09','2021-04-18 00:53:04'),(56,'Oma','Stark','Eleazar',0,'1995-04-09','2005-12-20','oma.stark@company.com','http://company.com/avatars/oma.stark.png','2021-04-17 23:15:09','2021-04-18 00:53:04'),(57,'Carey','Roberts','Scotty',0,'1997-06-15','2017-08-06','carey.roberts@company.com','http://company.com/avatars/carey.roberts.png','2021-04-17 23:15:09','2021-04-18 00:53:04'),(58,'Krista','Weimann','Llewellyn',1,'1996-03-31','2005-02-03','krista.weimann@company.com','http://company.com/avatars/krista.weimann.png','2021-04-17 23:15:09','2021-04-18 00:53:04'),(59,'Kasey','Bode','Christy',0,'1985-05-03','1994-05-30','kasey.bode@company.com','http://company.com/avatars/kasey.bode.png','2021-04-17 23:15:09','2021-04-18 00:53:04'),(60,'Cecile','Kub','Camilla',0,'1979-01-02','2016-09-12','cecile.kub@company.com','http://company.com/avatars/cecile.kub.png','2021-04-17 23:15:09','2021-04-18 00:53:04'),(61,'Arianna','Davis','Kasey',0,'1988-08-04','1995-05-12','arianna.davis@company.com','http://company.com/avatars/arianna.davis.png','2021-04-17 23:15:09','2021-04-18 00:53:04'),(62,'Rosalinda','Renner','Providenci',0,'1974-03-28','1991-03-22','rosalinda.renner@company.com','http://company.com/avatars/rosalinda.renner.png','2021-04-17 23:15:09','2021-04-18 00:53:04'),(63,'Laverna','Ortiz','Clemmie',1,'1995-07-05','2015-05-08','laverna.ortiz@company.com','http://company.com/avatars/laverna.ortiz.png','2021-04-17 23:15:09','2021-04-18 00:53:04'),(64,'Keanu','Marquardt','Theo',1,'1990-02-13','2009-08-22','keanu.marquardt@company.com','http://company.com/avatars/keanu.marquardt.png','2021-04-17 23:15:09','2021-04-18 00:53:04'),(65,'Easton','Rempel','Eladio',1,'1981-06-18','2012-10-12','easton.rempel@company.com','http://company.com/avatars/easton.rempel.png','2021-04-17 23:15:09','2021-04-18 00:53:04'),(66,'Katherine','Rempel','Ardith',1,'1992-04-09','1995-06-16','katherine.rempel@company.com','http://company.com/avatars/katherine.rempel.png','2021-04-17 23:15:09','2021-04-18 00:53:04'),(67,'Jaren','Huels','Willy',1,'1990-05-15','2010-03-13','jaren.huels@company.com','http://company.com/avatars/jaren.huels.png','2021-04-17 23:15:09','2021-04-18 00:53:04'),(68,'Leonor','Yundt','Nolan',0,'1983-08-25','1991-05-20','leonor.yundt@company.com','http://company.com/avatars/leonor.yundt.png','2021-04-17 23:15:09','2021-04-18 00:53:04'),(69,'Fritz','Corkery','Silas',1,'1999-10-26','2009-02-14','fritz.corkery@company.com','http://company.com/avatars/fritz.corkery.png','2021-04-17 23:15:09','2021-04-18 00:53:04'),(70,'Dominic','Prosacco','Reece',1,'1987-04-26','1996-07-31','dominic.prosacco@company.com','http://company.com/avatars/dominic.prosacco.png','2021-04-17 23:15:09','2021-04-18 00:53:04'),(71,'Scotty','Bernier','Shawna',1,'1984-06-28','2006-02-25','scotty.bernier@company.com','http://company.com/avatars/scotty.bernier.png','2021-04-17 23:15:09','2021-04-18 00:53:04'),(72,'Isai','Trantow','Jessica',0,'1979-12-25','2016-03-18','isai.trantow@company.com','http://company.com/avatars/isai.trantow.png','2021-04-17 23:15:09','2021-04-18 00:53:04'),(73,'Estefania','Pacocha','Gage',1,'1983-02-06','2000-10-29','estefania.pacocha@company.com','http://company.com/avatars/estefania.pacocha.png','2021-04-17 23:15:09','2021-04-18 00:53:04'),(74,'Jeanette','Becker','Lori',1,'1987-10-28','2009-03-23','jeanette.becker@company.com','http://company.com/avatars/jeanette.becker.png','2021-04-17 23:15:09','2021-04-18 00:53:04'),(75,'Major','Frami','Efren',0,'1986-03-03','2006-04-10','major.frami@company.com','http://company.com/avatars/major.frami.png','2021-04-17 23:15:09','2021-04-18 00:53:04'),(76,'Kendall','Feil','Alf',1,'1975-08-01','1994-12-16','kendall.feil@company.com','http://company.com/avatars/kendall.feil.png','2021-04-17 23:15:09','2021-04-18 00:53:04'),(77,'Wayne','O\'Keefe','Peyton',1,'1979-06-16','2017-03-17','wayne.o\'keefe@company.com','http://company.com/avatars/wayne.o\'keefe.png','2021-04-17 23:15:09','2021-04-18 00:53:04'),(78,'Maximo','Hansen','Carter',0,'1989-12-02','2000-02-20','maximo.hansen@company.com','http://company.com/avatars/maximo.hansen.png','2021-04-17 23:15:09','2021-04-18 00:53:04'),(79,'Loma','Conn','Joanne',0,'1995-05-29','2017-10-15','loma.conn@company.com','http://company.com/avatars/loma.conn.png','2021-04-17 23:15:09','2021-04-18 00:53:04'),(80,'Lue','Yost','Desmond',0,'1973-10-23','2013-11-23','lue.yost@company.com','http://company.com/avatars/lue.yost.png','2021-04-17 23:15:09','2021-04-18 00:53:04'),(81,'Fredrick','Flatley','Kayla',1,'1989-06-01','2007-09-05','fredrick.flatley@company.com','http://company.com/avatars/fredrick.flatley.png','2021-04-17 23:15:09','2021-04-18 00:53:04'),(82,'Margret','Hilpert','Katherine',1,'1973-03-31','2009-09-28','margret.hilpert@company.com','http://company.com/avatars/margret.hilpert.png','2021-04-17 23:15:09','2021-04-18 00:53:04'),(83,'Cristian','Kemmer','Eugene',0,'2000-12-06','2016-10-15','cristian.kemmer@company.com','http://company.com/avatars/cristian.kemmer.png','2021-04-17 23:15:09','2021-04-18 00:53:04'),(84,'Ryder','Erdman','Joannie',0,'1975-04-30','1998-10-02','ryder.erdman@company.com','http://company.com/avatars/ryder.erdman.png','2021-04-17 23:15:09','2021-04-18 00:53:04'),(85,'Jackie','Daniel','Trinity',0,'2000-03-16','2016-03-25','jackie.daniel@company.com','http://company.com/avatars/jackie.daniel.png','2021-04-17 23:15:09','2021-04-18 00:53:04'),(86,'Moriah','Hettinger','Gina',1,'1974-07-09','1996-08-13','moriah.hettinger@company.com','http://company.com/avatars/moriah.hettinger.png','2021-04-17 23:15:09','2021-04-18 00:53:04'),(87,'Kaitlyn','Gulgowski','Hans',0,'1991-05-20','2008-09-28','kaitlyn.gulgowski@company.com','http://company.com/avatars/kaitlyn.gulgowski.png','2021-04-17 23:15:09','2021-04-18 00:53:04'),(88,'Bryce','Langosh','Abigail',0,'1972-07-21','2003-06-27','bryce.langosh@company.com','http://company.com/avatars/bryce.langosh.png','2021-04-17 23:15:09','2021-04-18 00:53:04'),(89,'Dale','Beatty','Liliane',1,'2001-10-03','2012-02-29','dale.beatty@company.com','http://company.com/avatars/dale.beatty.png','2021-04-17 23:15:09','2021-04-18 00:53:04'),(90,'Keith','Simonis','Willie',1,'1997-03-29','2007-12-27','keith.simonis@company.com','http://company.com/avatars/keith.simonis.png','2021-04-17 23:15:09','2021-04-18 00:53:04'),(91,'Anais','Kris','Sheila',0,'1997-03-06','2013-12-07','anais.kris@company.com','http://company.com/avatars/anais.kris.png','2021-04-17 23:15:09','2021-04-18 00:53:04'),(92,'Merle','Kovacek','Colt',1,'1973-04-11','1996-08-04','merle.kovacek@company.com','http://company.com/avatars/merle.kovacek.png','2021-04-17 23:15:09','2021-04-18 00:53:04'),(93,'Claudine','Pfannerstill','Rick',0,'1994-12-27','1998-12-25','claudine.pfannerstill@company.com','http://company.com/avatars/claudine.pfannerstill.png','2021-04-17 23:15:09','2021-04-18 00:53:04'),(94,'Rupert','Yundt','Keshaun',1,'1988-11-25','1999-06-05','rupert.yundt@company.com','http://company.com/avatars/rupert.yundt.png','2021-04-17 23:15:09','2021-04-18 00:53:04'),(95,'Naomie','Ward','Myron',1,'1994-09-18','2016-09-01','naomie.ward@company.com','http://company.com/avatars/naomie.ward.png','2021-04-17 23:15:09','2021-04-18 00:53:04'),(96,'Mateo','Rau','Betsy',0,'2001-06-19','2006-02-04','mateo.rau@company.com','http://company.com/avatars/mateo.rau.png','2021-04-17 23:15:09','2021-04-18 00:53:04'),(97,'Elza','O\'Kon','Corbin',1,'1982-05-29','1991-04-23','elza.o\'kon@company.com','http://company.com/avatars/elza.o\'kon.png','2021-04-17 23:15:09','2021-04-18 00:53:04'),(98,'Nova','Kreiger','Addie',0,'2003-02-23','2020-09-04','nova.kreiger@company.com','http://company.com/avatars/nova.kreiger.png','2021-04-17 23:15:09','2021-04-18 00:53:04'),(99,'Diego','Cruickshank','Barrett',1,'1998-05-09','2005-09-29','diego.cruickshank@company.com','http://company.com/avatars/diego.cruickshank.png','2021-04-17 23:15:09','2021-04-18 00:53:04'),(100,'Jarrell','Kuhic','Leopold',0,'1974-02-11','2004-02-10','jarrell.kuhic@company.com','http://company.com/avatars/jarrell.kuhic.png','2021-04-17 23:15:09','2021-04-18 00:53:04'),(101,'Jacquelyn','Marquardt','Kailey',1,'2000-05-12','2005-08-07','jacquelyn.marquardt@company.com','http://company.com/avatars/jacquelyn.marquardt.png','2021-04-17 23:15:09','2021-04-18 00:53:04'),(102,'Stella','Rodriguez','Elise',0,'1988-05-12','2018-01-28','stella.rodriguez@company.com','http://company.com/avatars/stella.rodriguez.png','2021-04-17 23:15:09','2021-04-18 00:53:04'),(103,'Holly','Schimmel','Heather',1,'1999-06-19','2015-02-06','holly.schimmel@company.com','http://company.com/avatars/holly.schimmel.png','2021-04-17 23:15:09','2021-04-18 00:53:04'),(104,'Cordia','Terry','Braden',1,'2001-07-11','2012-10-31','cordia.terry@company.com','http://company.com/avatars/cordia.terry.png','2021-04-17 23:15:09','2021-04-18 00:53:04'),(105,'Alta','Williamson','Mikayla',0,'1972-06-25','2003-11-25','alta.williamson@company.com','http://company.com/avatars/alta.williamson.png','2021-04-17 23:15:09','2021-04-18 00:53:04'),(106,'Greg','Marks','Ryder',0,'1972-06-19','2017-05-18','greg.marks@company.com','http://company.com/avatars/greg.marks.png','2021-04-17 23:15:09','2021-04-18 00:53:04'),(107,'Elisabeth','Lemke','Arvilla',1,'1980-02-02','2013-02-18','elisabeth.lemke@company.com','http://company.com/avatars/elisabeth.lemke.png','2021-04-17 23:15:09','2021-04-18 00:53:04'),(108,'Demetrius','Altenwerth','Alejandra',0,'1998-04-06','1998-09-15','demetrius.altenwerth@company.com','http://company.com/avatars/demetrius.altenwerth.png','2021-04-17 23:15:09','2021-04-18 00:53:04'),(109,'Brigitte','McDermott','Ashlynn',1,'1989-10-06','2015-07-01','brigitte.mcdermott@company.com','http://company.com/avatars/brigitte.mcdermott.png','2021-04-17 23:15:09','2021-04-18 00:53:04'),(110,'Tiara','Harvey','Nikita',0,'1981-09-01','1996-03-07','tiara.harvey@company.com','http://company.com/avatars/tiara.harvey.png','2021-04-17 23:15:09','2021-04-18 00:53:04'),(111,'Ciara','Doyle','Reuben',0,'1999-05-03','2018-08-19','ciara.doyle@company.com','http://company.com/avatars/ciara.doyle.png','2021-04-17 23:15:09','2021-04-18 00:53:04'),(112,'Brenden','Ziemann','Adolph',0,'1995-12-15','2001-03-03','brenden.ziemann@company.com','http://company.com/avatars/brenden.ziemann.png','2021-04-17 23:15:09','2021-04-18 00:53:04'),(113,'Whitney','Luettgen','Maggie',0,'1994-07-21','1994-08-20','whitney.luettgen@company.com','http://company.com/avatars/whitney.luettgen.png','2021-04-17 23:15:09','2021-04-18 00:53:04'),(114,'Parker','Gusikowski','Ferne',0,'1998-04-28','2003-01-21','parker.gusikowski@company.com','http://company.com/avatars/parker.gusikowski.png','2021-04-17 23:15:09','2021-04-18 00:53:04'),(115,'Cassandra','Muller','Thalia',1,'1987-06-30','2017-12-08','cassandra.muller@company.com','http://company.com/avatars/cassandra.muller.png','2021-04-17 23:15:09','2021-04-18 00:53:04'),(116,'Donald','Kuhic','Kristofer',0,'2001-05-02','2001-11-01','donald.kuhic@company.com','http://company.com/avatars/donald.kuhic.png','2021-04-17 23:15:09','2021-04-18 00:53:04'),(117,'Freddie','Heller','Jett',1,'1981-06-25','2005-09-23','freddie.heller@company.com','http://company.com/avatars/freddie.heller.png','2021-04-17 23:15:09','2021-04-18 00:53:04'),(118,'Foster','Weissnat','Ollie',0,'1986-10-11','2019-08-28','foster.weissnat@company.com','http://company.com/avatars/foster.weissnat.png','2021-04-17 23:15:09','2021-04-18 00:53:04'),(119,'Dennis','Moen','Fatima',0,'1980-11-03','2009-11-16','dennis.moen@company.com','http://company.com/avatars/dennis.moen.png','2021-04-17 23:15:09','2021-04-18 00:53:04'),(120,'Nash','Schmeler','Tatum',1,'1978-11-08','1999-09-04','nash.schmeler@company.com','http://company.com/avatars/nash.schmeler.png','2021-04-17 23:15:09','2021-04-18 00:53:04'),(121,'Addie','Hauck','Elza',0,'1994-06-25','2014-12-24','addie.hauck@company.com','http://company.com/avatars/addie.hauck.png','2021-04-17 23:15:09','2021-04-18 00:53:04'),(122,'Domenica','Bruen','Dave',0,'1992-06-02','2021-01-08','domenica.bruen@company.com','http://company.com/avatars/domenica.bruen.png','2021-04-17 23:15:09','2021-04-18 00:53:04'),(123,'Wilber','Kihn','Rossie',1,'2002-09-29','2020-03-15','wilber.kihn@company.com','http://company.com/avatars/wilber.kihn.png','2021-04-17 23:15:09','2021-04-18 00:53:04'),(124,'Jaylen','Keeling','Jalyn',0,'1995-08-21','2020-06-21','jaylen.keeling@company.com','http://company.com/avatars/jaylen.keeling.png','2021-04-17 23:15:09','2021-04-18 00:53:04'),(125,'Ayla','Price','Reid',1,'1989-06-30','2018-11-08','ayla.price@company.com','http://company.com/avatars/ayla.price.png','2021-04-17 23:15:09','2021-04-18 00:53:04'),(126,'Alta','O\'Connell','Murl',0,'2000-02-25','2015-12-16','alta.o\'connell@company.com','http://company.com/avatars/alta.o\'connell.png','2021-04-17 23:15:09','2021-04-18 00:53:04'),(127,'Clare','Metz','Hallie',0,'1972-09-22','2019-04-21','clare.metz@company.com','http://company.com/avatars/clare.metz.png','2021-04-17 23:15:09','2021-04-18 00:53:04'),(128,'Icie','Champlin','Dakota',0,'1989-06-15','1991-08-24','icie.champlin@company.com','http://company.com/avatars/icie.champlin.png','2021-04-17 23:15:09','2021-04-18 00:53:04'),(129,'Santino','Wisoky','Adrian',1,'1983-10-11','2017-07-25','santino.wisoky@company.com','http://company.com/avatars/santino.wisoky.png','2021-04-17 23:15:09','2021-04-18 00:53:04'),(130,'Joanne','Hayes','Isaac',0,'1978-11-02','2006-08-17','joanne.hayes@company.com','http://company.com/avatars/joanne.hayes.png','2021-04-17 23:15:09','2021-04-18 00:53:04'),(131,'Amos','Brown','Mariane',0,'1999-06-10','2018-02-07','amos.brown@company.com','http://company.com/avatars/amos.brown.png','2021-04-17 23:15:09','2021-04-18 00:53:04'),(132,'Leola','Hackett','Avery',1,'1991-09-25','2009-11-12','leola.hackett@company.com','http://company.com/avatars/leola.hackett.png','2021-04-17 23:15:09','2021-04-18 00:53:04'),(133,'Wilmer','McGlynn','Myrtice',1,'1976-09-26','2020-05-13','wilmer.mcglynn@company.com','http://company.com/avatars/wilmer.mcglynn.png','2021-04-17 23:15:09','2021-04-18 00:53:04'),(134,'Gianni','Graham','Michele',1,'1983-01-04','2018-01-15','gianni.graham@company.com','http://company.com/avatars/gianni.graham.png','2021-04-17 23:15:09','2021-04-18 00:53:04'),(135,'Shaun','McClure','Kevon',0,'1983-08-24','1997-12-08','shaun.mcclure@company.com','http://company.com/avatars/shaun.mcclure.png','2021-04-17 23:15:09','2021-04-18 00:53:04'),(136,'Tomasa','Rosenbaum','Catalina',0,'2002-08-26','2006-11-17','tomasa.rosenbaum@company.com','http://company.com/avatars/tomasa.rosenbaum.png','2021-04-17 23:15:09','2021-04-18 00:53:04'),(137,'Johnnie','Hermiston','Ari',1,'1977-10-12','2000-01-17','johnnie.hermiston@company.com','http://company.com/avatars/johnnie.hermiston.png','2021-04-17 23:15:09','2021-04-18 00:53:04'),(138,'Amaya','Kris','Domingo',0,'1999-08-24','2011-05-24','amaya.kris@company.com','http://company.com/avatars/amaya.kris.png','2021-04-17 23:15:09','2021-04-18 00:53:04'),(139,'Gloria','Reilly','Maxwell',1,'1973-06-21','2011-03-31','gloria.reilly@company.com','http://company.com/avatars/gloria.reilly.png','2021-04-17 23:15:09','2021-04-18 00:53:04'),(140,'Vada','Gusikowski','Chelsie',1,'1976-06-24','2014-05-26','vada.gusikowski@company.com','http://company.com/avatars/vada.gusikowski.png','2021-04-17 23:15:09','2021-04-18 00:53:04'),(141,'Newton','Lebsack','Palma',1,'1984-01-21','2010-10-26','newton.lebsack@company.com','http://company.com/avatars/newton.lebsack.png','2021-04-17 23:15:09','2021-04-18 00:53:04'),(142,'Ibrahim','Reynolds','Amiya',0,'1974-02-28','2004-08-30','ibrahim.reynolds@company.com','http://company.com/avatars/ibrahim.reynolds.png','2021-04-17 23:15:09','2021-04-18 00:53:04'),(143,'Sonya','Bayer','Leland',0,'2003-02-22','2014-08-25','sonya.bayer@company.com','http://company.com/avatars/sonya.bayer.png','2021-04-17 23:15:09','2021-04-18 00:53:04'),(144,'Wendell','Rau','Rolando',0,'1977-06-04','1991-09-14','wendell.rau@company.com','http://company.com/avatars/wendell.rau.png','2021-04-17 23:15:09','2021-04-18 00:53:04'),(145,'Elias','Yundt','Jettie',1,'1988-06-23','2009-08-12','elias.yundt@company.com','http://company.com/avatars/elias.yundt.png','2021-04-17 23:15:09','2021-04-18 00:53:04'),(146,'Unique','Kshlerin','Tyra',1,'1986-04-03','2005-07-05','unique.kshlerin@company.com','http://company.com/avatars/unique.kshlerin.png','2021-04-17 23:15:09','2021-04-18 00:53:04'),(147,'Jamir','Olson','Van',0,'2002-12-30','2012-08-18','jamir.olson@company.com','http://company.com/avatars/jamir.olson.png','2021-04-17 23:15:09','2021-04-18 00:53:04'),(148,'Marietta','Crona','Landen',1,'1992-07-20','2013-05-24','marietta.crona@company.com','http://company.com/avatars/marietta.crona.png','2021-04-17 23:15:09','2021-04-18 00:53:04'),(149,'Dameon','Kiehn','Keara',1,'1991-12-23','1993-02-10','dameon.kiehn@company.com','http://company.com/avatars/dameon.kiehn.png','2021-04-17 23:15:09','2021-04-18 00:53:04'),(150,'Cristobal','Tillman','Tressie',0,'1980-01-05','1997-07-10','cristobal.tillman@company.com','http://company.com/avatars/cristobal.tillman.png','2021-04-17 23:15:09','2021-04-18 00:53:04'),(151,'Keyon','Bode','Mitchell',0,'1979-09-03','2010-07-15','keyon.bode@company.com','http://company.com/avatars/keyon.bode.png','2021-04-17 23:15:09','2021-04-18 00:53:04'),(152,'Rashad','Gislason','Meggie',1,'1985-10-29','2000-09-19','rashad.gislason@company.com','http://company.com/avatars/rashad.gislason.png','2021-04-17 23:15:09','2021-04-18 00:53:04'),(153,'Dusty','Frami','Bernard',0,'1979-01-21','1998-01-10','dusty.frami@company.com','http://company.com/avatars/dusty.frami.png','2021-04-17 23:15:09','2021-04-18 00:53:04'),(154,'Gaylord','Runte','Melyssa',0,'1985-03-11','2005-02-20','gaylord.runte@company.com','http://company.com/avatars/gaylord.runte.png','2021-04-17 23:15:09','2021-04-18 00:53:04'),(155,'Deven','Koelpin','Paolo',1,'1972-07-21','2014-01-25','deven.koelpin@company.com','http://company.com/avatars/deven.koelpin.png','2021-04-17 23:15:09','2021-04-18 00:53:04'),(156,'Herta','Emard','Erick',0,'1994-02-05','2001-06-01','herta.emard@company.com','http://company.com/avatars/herta.emard.png','2021-04-17 23:15:09','2021-04-18 00:53:04'),(157,'Mina','Bartoletti','Lisandro',1,'1978-06-20','1999-06-24','mina.bartoletti@company.com','http://company.com/avatars/mina.bartoletti.png','2021-04-17 23:15:09','2021-04-18 00:53:04'),(158,'Cecilia','Willms','Murl',1,'1994-08-08','2016-01-15','cecilia.willms@company.com','http://company.com/avatars/cecilia.willms.png','2021-04-17 23:15:09','2021-04-18 00:53:04'),(159,'Cleve','Labadie','Kariane',1,'1998-03-09','2016-04-25','cleve.labadie@company.com','http://company.com/avatars/cleve.labadie.png','2021-04-17 23:15:09','2021-04-18 00:53:04'),(160,'Marian','Olson','Rene',0,'1984-06-27','2011-08-19','marian.olson@company.com','http://company.com/avatars/marian.olson.png','2021-04-17 23:15:09','2021-04-18 00:53:04'),(161,'Lukas','Glover','Ali',0,'1977-02-25','2016-06-07','lukas.glover@company.com','http://company.com/avatars/lukas.glover.png','2021-04-17 23:15:09','2021-04-18 00:53:04'),(162,'Aisha','Kovacek','Gregorio',0,'1992-09-30','2016-03-02','aisha.kovacek@company.com','http://company.com/avatars/aisha.kovacek.png','2021-04-17 23:15:09','2021-04-18 00:53:04'),(163,'Devon','Franecki','Maybelle',0,'1974-10-16','1992-06-10','devon.franecki@company.com','http://company.com/avatars/devon.franecki.png','2021-04-17 23:15:09','2021-04-18 00:53:04'),(164,'Taya','Nicolas','Beth',1,'2000-04-10','2008-09-06','taya.nicolas@company.com','http://company.com/avatars/taya.nicolas.png','2021-04-17 23:15:09','2021-04-18 00:53:04'),(165,'Gordon','Cartwright','Ignatius',1,'1980-08-29','1998-01-28','gordon.cartwright@company.com','http://company.com/avatars/gordon.cartwright.png','2021-04-17 23:15:09','2021-04-18 00:53:04'),(166,'Florian','Shields','George',1,'1980-08-27','2013-07-14','florian.shields@company.com','http://company.com/avatars/florian.shields.png','2021-04-17 23:15:09','2021-04-18 00:53:04'),(167,'Simone','Thompson','Pearline',0,'1998-09-01','1999-08-28','simone.thompson@company.com','http://company.com/avatars/simone.thompson.png','2021-04-17 23:15:09','2021-04-18 00:53:04'),(168,'Bartholome','Kris','Ena',1,'1992-05-28','1996-10-06','bartholome.kris@company.com','http://company.com/avatars/bartholome.kris.png','2021-04-17 23:15:09','2021-04-18 00:53:04'),(169,'Stewart','Hackett','Annabel',1,'1996-07-01','2008-04-09','stewart.hackett@company.com','http://company.com/avatars/stewart.hackett.png','2021-04-17 23:15:09','2021-04-18 00:53:04'),(170,'Viva','Wintheiser','Celine',0,'1972-02-28','2011-02-24','viva.wintheiser@company.com','http://company.com/avatars/viva.wintheiser.png','2021-04-17 23:15:09','2021-04-18 00:53:04'),(171,'Marianna','Bartell','Tyrique',1,'1979-11-28','2000-11-11','marianna.bartell@company.com','http://company.com/avatars/marianna.bartell.png','2021-04-17 23:15:09','2021-04-18 00:53:04'),(172,'Evans','King','Jamir',0,'1997-07-31','2000-10-14','evans.king@company.com','http://company.com/avatars/evans.king.png','2021-04-17 23:15:09','2021-04-18 00:53:04'),(173,'Deonte','Gaylord','Marion',1,'1978-06-28','2011-09-02','deonte.gaylord@company.com','http://company.com/avatars/deonte.gaylord.png','2021-04-17 23:15:09','2021-04-18 00:53:04'),(174,'Elinor','Conroy','Germaine',0,'1995-05-09','2013-09-03','elinor.conroy@company.com','http://company.com/avatars/elinor.conroy.png','2021-04-17 23:15:09','2021-04-18 00:53:04'),(175,'Dorris','Walker','Kirsten',0,'1980-07-29','2000-02-14','dorris.walker@company.com','http://company.com/avatars/dorris.walker.png','2021-04-17 23:15:09','2021-04-18 00:53:04'),(176,'Carmela','Volkman','Elva',1,'1991-09-03','1999-11-16','carmela.volkman@company.com','http://company.com/avatars/carmela.volkman.png','2021-04-17 23:15:09','2021-04-18 00:53:04'),(177,'Guadalupe','Roberts','Rosalee',0,'1986-12-21','2009-01-23','guadalupe.roberts@company.com','http://company.com/avatars/guadalupe.roberts.png','2021-04-17 23:15:09','2021-04-18 00:53:04'),(178,'Dennis','Fritsch','Barrett',1,'1987-11-13','2014-10-27','dennis.fritsch@company.com','http://company.com/avatars/dennis.fritsch.png','2021-04-17 23:15:09','2021-04-18 00:53:04'),(179,'Wellington','Lehner','Autumn',0,'1983-10-24','2008-05-21','wellington.lehner@company.com','http://company.com/avatars/wellington.lehner.png','2021-04-17 23:15:09','2021-04-18 00:53:04'),(180,'Gideon','Berge','Christelle',0,'1993-10-15','2015-06-06','gideon.berge@company.com','http://company.com/avatars/gideon.berge.png','2021-04-17 23:15:09','2021-04-18 00:53:04'),(181,'Kacie','Marvin','Ocie',1,'1998-01-12','2016-11-08','kacie.marvin@company.com','http://company.com/avatars/kacie.marvin.png','2021-04-17 23:15:09','2021-04-18 00:53:04'),(182,'Unique','Schuppe','Helena',0,'1988-11-08','2000-01-16','unique.schuppe@company.com','http://company.com/avatars/unique.schuppe.png','2021-04-17 23:15:09','2021-04-18 00:53:04'),(183,'Esperanza','Krajcik','Annalise',1,'1998-02-08','2005-01-22','esperanza.krajcik@company.com','http://company.com/avatars/esperanza.krajcik.png','2021-04-17 23:15:09','2021-04-18 00:53:04'),(184,'Aglae','Rodriguez','Mathias',1,'2003-01-01','2003-12-28','aglae.rodriguez@company.com','http://company.com/avatars/aglae.rodriguez.png','2021-04-17 23:15:09','2021-04-18 00:53:04'),(185,'Benton','Goyette','Damian',1,'1981-01-17','2001-01-20','benton.goyette@company.com','http://company.com/avatars/benton.goyette.png','2021-04-17 23:15:09','2021-04-18 00:53:04'),(186,'Giovanna','Corkery','Emmet',0,'1995-03-03','2014-05-20','giovanna.corkery@company.com','http://company.com/avatars/giovanna.corkery.png','2021-04-17 23:15:09','2021-04-18 00:53:04'),(187,'Alexane','Friesen','Velda',1,'1985-10-06','1992-01-09','alexane.friesen@company.com','http://company.com/avatars/alexane.friesen.png','2021-04-17 23:15:09','2021-04-18 00:53:04'),(188,'Marisol','Moen','Noelia',0,'1996-11-02','2018-10-31','marisol.moen@company.com','http://company.com/avatars/marisol.moen.png','2021-04-17 23:15:09','2021-04-18 00:53:04'),(189,'Amalia','Wiegand','Johnathan',1,'1975-01-08','2016-07-03','amalia.wiegand@company.com','http://company.com/avatars/amalia.wiegand.png','2021-04-17 23:15:09','2021-04-18 00:53:04'),(190,'Maye','Jast','Fay',1,'1999-07-11','2018-09-26','maye.jast@company.com','http://company.com/avatars/maye.jast.png','2021-04-17 23:15:09','2021-04-18 00:53:04'),(191,'Chanel','Klein','Bradly',1,'1995-12-25','2001-01-03','chanel.klein@company.com','http://company.com/avatars/chanel.klein.png','2021-04-17 23:15:09','2021-04-18 00:53:04'),(192,'Hazel','Bartell','Meaghan',0,'1993-05-01','2016-08-04','hazel.bartell@company.com','http://company.com/avatars/hazel.bartell.png','2021-04-17 23:15:09','2021-04-18 00:53:04'),(193,'Tamia','Kshlerin','Eddie',1,'1974-11-11','1991-09-28','tamia.kshlerin@company.com','http://company.com/avatars/tamia.kshlerin.png','2021-04-17 23:15:09','2021-04-18 00:53:04'),(194,'Godfrey','Heathcote','Fanny',1,'1996-05-17','2017-08-31','godfrey.heathcote@company.com','http://company.com/avatars/godfrey.heathcote.png','2021-04-17 23:15:09','2021-04-18 00:53:04'),(195,'Sydni','Orn','Sigmund',0,'2000-12-25','2002-06-13','sydni.orn@company.com','http://company.com/avatars/sydni.orn.png','2021-04-17 23:15:09','2021-04-18 00:53:04'),(196,'Otis','Mann','Bernadette',1,'1989-12-21','2011-09-15','otis.mann@company.com','http://company.com/avatars/otis.mann.png','2021-04-17 23:15:09','2021-04-18 00:53:04'),(197,'Winfield','Walker','Dejon',0,'1992-10-10','2001-03-22','winfield.walker@company.com','http://company.com/avatars/winfield.walker.png','2021-04-17 23:15:09','2021-04-18 00:53:04'),(198,'Myrtle','Gleason','Quinton',1,'1986-09-19','2006-02-10','myrtle.gleason@company.com','http://company.com/avatars/myrtle.gleason.png','2021-04-17 23:15:09','2021-04-18 00:53:04'),(199,'Kenyatta','Spinka','Mariana',1,'1973-02-05','2013-09-27','kenyatta.spinka@company.com','http://company.com/avatars/kenyatta.spinka.png','2021-04-17 23:15:09','2021-04-18 00:53:04'),(200,'Anahi','Schuster','Rosamond',0,'1990-09-23','2014-05-20','anahi.schuster@company.com','http://company.com/avatars/anahi.schuster.png','2021-04-17 23:15:09','2021-04-18 00:53:04');
/*!40000 ALTER TABLE `employers` ENABLE KEYS */;
UNLOCK TABLES;

--
-- Table structure for table `news`
--

DROP TABLE IF EXISTS `news`;
/*!40101 SET @saved_cs_client     = @@character_set_client */;
/*!50503 SET character_set_client = utf8mb4 */;
CREATE TABLE `news` (
  `id` int unsigned NOT NULL AUTO_INCREMENT COMMENT 'Идентификатор новости',
  `title` varchar(255) NOT NULL COMMENT 'Заголовок новости',
  `body` text COMMENT 'Содержание новости',
  `category_id` int unsigned NOT NULL COMMENT 'Категория новости',
  `user_id` int unsigned DEFAULT NULL COMMENT 'Автор новости',
  `created_at` datetime DEFAULT CURRENT_TIMESTAMP COMMENT 'Дата создания строки',
  `updated_at` datetime DEFAULT CURRENT_TIMESTAMP ON UPDATE CURRENT_TIMESTAMP COMMENT 'Дата обновления строки',
  PRIMARY KEY (`id`),
  KEY `news_fk_category_id` (`category_id`),
  KEY `news_fk_user` (`user_id`),
  CONSTRAINT `news_fk_category_id` FOREIGN KEY (`category_id`) REFERENCES `categories` (`id`),
  CONSTRAINT `news_fk_user` FOREIGN KEY (`user_id`) REFERENCES `employers` (`user_id`)
) ENGINE=InnoDB AUTO_INCREMENT=58 DEFAULT CHARSET=utf8mb4 COLLATE=utf8mb4_0900_ai_ci COMMENT='Новости';
/*!40101 SET character_set_client = @saved_cs_client */;

--
-- Dumping data for table `news`
--

LOCK TABLES `news` WRITE;
/*!40000 ALTER TABLE `news` DISABLE KEYS */;
INSERT INTO `news` VALUES (1,'Ad modi sed accusamus et.','Possimus nemo voluptatem sapiente praesentium praesentium officiis similique. Autem itaque dolorem tenetur dolorum ea debitis quis aperiam. Porro aut velit asperiores nobis.',5,9,'2021-04-18 02:49:23','2021-04-18 02:49:23'),(2,'Aperiam blanditiis itaque vitae placeat rerum.','Neque aliquid accusantium nisi pariatur rem. Nemo sequi eius repellendus inventore sed. Et dicta et qui cumque ex laborum cumque eius.',1,172,'2021-04-18 02:49:23','2021-04-18 02:49:23'),(3,'Atque nisi ut nihil tempora molestiae magni.','Corrupti aliquid eum sequi qui rerum modi. Delectus veniam ea placeat iusto nulla voluptas est. Sint maxime corrupti id ut magni. Quod animi quibusdam minima unde.',2,198,'2021-04-18 02:49:23','2021-04-18 02:49:23'),(4,'Aut atque unde dignissimos non tenetur.','Impedit odio facere ducimus odit accusamus vel. Distinctio quia reiciendis voluptatum explicabo eligendi et. Non assumenda quod asperiores ratione dolor ut. Est soluta esse distinctio quae et quibusdam velit.',1,1,'2021-04-18 02:49:23','2021-04-18 02:49:23'),(5,'Aut impedit officia totam alias fuga voluptas.','Est deserunt voluptatibus non ut ex rerum. Aliquam repellendus consectetur neque odit cum optio et. Et dolorum animi soluta deserunt. Nesciunt vel eum suscipit laboriosam veniam. Veniam molestias quia ipsum eos.',6,83,'2021-04-18 02:49:23','2021-04-18 02:49:23'),(6,'Aut quidem iste porro molestiae vero.','Sit ut animi atque sit laboriosam quae deserunt. Sit eligendi accusamus velit soluta voluptatem nemo. Reiciendis sequi doloribus voluptas esse reprehenderit consequatur illo.',6,26,'2021-04-18 02:49:23','2021-04-18 02:49:23'),(7,'Autem molestias qui consequuntur.','Occaecati voluptas at enim minima. Ex expedita occaecati ea ipsa repellendus iste perspiciatis culpa. Velit reprehenderit voluptates sit ipsum totam et iste.',3,189,'2021-04-18 02:49:23','2021-04-18 02:49:23'),(8,'Delectus soluta saepe non porro nesciunt quas.','Architecto non voluptatem aspernatur animi beatae nihil. Commodi voluptates fugit et quis voluptatibus. Id ipsum fugiat necessitatibus aut quam enim impedit. Eos vel doloribus velit dolore quod nam excepturi optio. Nemo dicta voluptates quaerat quis atque quia quaerat.',4,107,'2021-04-18 02:49:23','2021-04-18 02:49:23'),(9,'Dolore harum molestias nisi sit aut molestiae illum.','Dignissimos sit magnam qui quis sit et. Distinctio neque consequatur aut.',2,109,'2021-04-18 02:49:23','2021-04-18 02:49:23'),(10,'Dolorem et ad ut aut minima maxime qui.','Impedit aut quia repellendus ullam omnis veniam pariatur. Rerum praesentium dolorem tenetur quis voluptatem voluptatem. Facilis quas voluptatum labore rerum quod. Ea voluptatem natus error omnis dolorem expedita ad.',2,136,'2021-04-18 02:49:23','2021-04-18 02:49:23'),(11,'Dolorem modi iste nulla quo ab harum officiis.','Aut amet sit aut est aperiam nostrum quia. Voluptas voluptatem ea quibusdam omnis qui quos. Illum similique aut accusamus voluptate soluta harum. Autem dolorum inventore qui voluptatem iure.',2,14,'2021-04-18 02:49:23','2021-04-18 02:49:23'),(12,'Dolores dolorem facere at similique.','Cumque ut laborum harum sit rem. Distinctio ut quo mollitia eos fugit consectetur aliquam laborum. Et enim voluptas occaecati sed atque et cumque mollitia. Laudantium saepe officiis hic.',5,179,'2021-04-18 02:49:23','2021-04-18 02:49:23'),(13,'Doloribus non praesentium eaque et magnam qui sed.','Illum voluptas incidunt rerum sit pariatur tenetur nisi vel. Ad et et dolorum fuga magnam aut. Explicabo ratione dolor voluptatem molestiae ex omnis illo.',5,56,'2021-04-18 02:49:23','2021-04-18 02:49:23'),(14,'Doloribus ut reprehenderit iste quia.','Qui velit eos neque debitis distinctio voluptatem mollitia. Deleniti velit rem voluptates eligendi. Sint ipsam sed officiis laudantium quas.',3,44,'2021-04-18 02:49:23','2021-04-18 02:49:23'),(15,'Dolorum facere mollitia animi est.','In dignissimos natus earum quibusdam accusamus quis assumenda laudantium. Dolores ut porro et. Quia tempora accusamus quia culpa.',1,181,'2021-04-18 02:49:23','2021-04-18 02:49:23'),(16,'Dolorum rerum facilis ea ea nihil eveniet.','Velit consequatur eius accusamus eos voluptates quia et. Fuga illo dignissimos exercitationem consequuntur velit. Et quod iusto voluptatum accusantium praesentium. Aut fuga consequuntur non est temporibus ut ut.',3,21,'2021-04-18 02:49:23','2021-04-18 02:49:23'),(17,'Ea esse voluptate quia totam accusantium nobis numquam.','Aliquid est quis dolor unde esse et. Doloribus et quam vel sint ad reiciendis. Doloremque adipisci blanditiis voluptatem voluptatem. Dolor qui voluptates voluptatibus inventore qui nemo doloribus. Commodi ea provident dolor asperiores consequatur eos.',4,26,'2021-04-18 02:49:23','2021-04-18 02:49:23'),(18,'Ea fuga praesentium ut et consequatur.','Consequatur non reprehenderit ullam provident libero aspernatur dolor quidem. Et commodi officia enim. Eligendi qui quia accusantium ea. Mollitia mollitia ipsum quis est sit ut.',6,40,'2021-04-18 02:49:23','2021-04-18 02:49:23'),(19,'Earum sit commodi cumque minus deleniti vel.','Asperiores alias dolor ut numquam laudantium omnis. Harum nesciunt saepe libero. Ullam distinctio consequatur dolorem aut quod placeat.',7,149,'2021-04-18 02:49:23','2021-04-18 02:49:23'),(20,'Error illum quo occaecati veniam vel eos aperiam.','Natus quidem temporibus autem culpa. Voluptatibus similique animi incidunt velit. Qui voluptas voluptatem quia molestiae. Corrupti voluptas velit deleniti soluta magni temporibus sequi quo.',1,177,'2021-04-18 02:49:23','2021-04-18 02:49:23'),(21,'Est eos reprehenderit ut quibusdam ut fugiat.','Temporibus eum iusto aut dolor velit. Magnam recusandae non ut sint nobis nisi et aperiam. Minima totam ut ab ducimus est placeat dolore.',1,185,'2021-04-18 02:49:23','2021-04-18 02:49:23'),(22,'Est et nihil cupiditate pariatur occaecati explicabo quia.','Sed excepturi labore repellendus id dolor quia et. Assumenda laboriosam in molestiae. Voluptas est qui ut facere debitis.',2,53,'2021-04-18 02:49:23','2021-04-18 02:49:23'),(23,'Est molestiae animi ipsam saepe.','Dicta officia quisquam vero. Ab similique dolores voluptate reiciendis sit et earum amet. Sint ut nesciunt natus iste consequatur.',5,192,'2021-04-18 02:49:23','2021-04-18 02:49:23'),(24,'Et sunt neque quidem minima.','Vero placeat occaecati omnis quis et quia. Doloribus provident earum natus omnis voluptatem. Quaerat nobis cupiditate sunt odio consequuntur tempore.',5,137,'2021-04-18 02:49:23','2021-04-18 02:49:23'),(25,'Et voluptas iste tempore modi.','Et sed eaque voluptatem ut ipsa quaerat quod. Molestiae similique voluptas id est est voluptate.',6,59,'2021-04-18 02:49:23','2021-04-18 02:49:23'),(26,'Facere exercitationem aut corporis repellat eaque labore velit.','Voluptas qui numquam beatae nulla itaque est deserunt. Cum cum commodi totam excepturi. Quo harum suscipit quasi sunt.',4,52,'2021-04-18 02:49:23','2021-04-18 02:49:23'),(27,'Fuga eum sed rerum velit eligendi velit.','Et doloribus ut maxime sint nisi. Consequatur debitis optio rem. Recusandae excepturi hic est ut.',6,173,'2021-04-18 02:49:23','2021-04-18 02:49:23'),(28,'Fugit dolores molestiae vel veniam.','Recusandae ipsa quod odit eos consequuntur. Possimus unde eius nihil ullam. Ut neque aliquid quas quam est. Deserunt ut ut quia cupiditate blanditiis laboriosam.',2,98,'2021-04-18 02:49:23','2021-04-18 02:49:23'),(29,'Harum eius dolor quibusdam recusandae repudiandae.','Unde unde saepe deserunt et aut ipsam. Repellendus aperiam enim eos. Sapiente pariatur magnam fugiat aliquid magnam ducimus. Sunt placeat suscipit iste dolores. Error suscipit incidunt dicta minima blanditiis non eos sed.',7,100,'2021-04-18 02:49:23','2021-04-18 02:49:23'),(30,'Harum repudiandae et vitae sed.','Itaque aliquid in dolore tempore dolorem magnam tempora. Cum numquam aut quis quo quo modi nobis culpa. Est officia quo sunt sit voluptatem. Quo aperiam ullam non accusantium consequatur architecto voluptatibus.',6,102,'2021-04-18 02:49:23','2021-04-18 02:49:23'),(31,'In quae quia sed sapiente unde aspernatur voluptatibus.','Incidunt in adipisci nihil rem qui veritatis. Perferendis repudiandae magni nihil sed aut. Saepe veritatis velit nihil eligendi consequatur provident. Qui et eum cumque odit porro iusto voluptatem.',5,47,'2021-04-18 02:49:23','2021-04-18 02:49:23'),(32,'Incidunt dolorem iure vel quia qui libero et qui.','Corrupti et quo aspernatur omnis perferendis. Sed enim maiores excepturi delectus unde beatae accusantium. Quae eius repudiandae hic eos maiores et animi. Odio voluptas repellat esse autem quia maxime maxime.',2,135,'2021-04-18 02:49:23','2021-04-18 02:49:23'),(33,'Ipsa ipsum minima dolores iste qui qui non.','Voluptatem quidem nihil consequatur qui. Voluptatum voluptatem voluptatem quibusdam explicabo deserunt. Eos molestiae repellendus consequatur.',2,142,'2021-04-18 02:49:23','2021-04-18 02:49:23'),(34,'Itaque iure voluptatum aut ab.','Velit ipsam quod quibusdam et facere tempore. Dolores sunt ut facere. Ex sapiente eum nulla voluptate quia ea.',5,52,'2021-04-18 02:49:23','2021-04-18 02:49:23'),(35,'Libero quam sed ut possimus at quibusdam dolor tempora.','Dolore quia consequatur sed quia possimus nisi reprehenderit. Nam saepe voluptatem laborum labore magnam dicta illo.',3,73,'2021-04-18 02:49:23','2021-04-18 02:49:23'),(36,'Libero qui sit qui eveniet dolores.','Officiis quia minima quibusdam et dolorem deleniti non. Placeat voluptatibus sit consequatur id odio.',2,144,'2021-04-18 02:49:23','2021-04-18 02:49:23'),(37,'Nam consequatur aspernatur velit qui corporis debitis eius.','Repellendus sint explicabo qui. Dolore et non ut. Molestiae magni repellendus rerum sit ut.',1,48,'2021-04-18 02:49:23','2021-04-18 02:49:23'),(38,'Nisi voluptas sit in ipsum laudantium.','Modi consequatur esse officia quisquam. Aut facere nemo non iste et. Quaerat autem sed laudantium quo. Enim explicabo earum laudantium pariatur.',3,8,'2021-04-18 02:49:23','2021-04-18 02:49:23'),(39,'Nulla maiores harum dolorem quis vel distinctio.','Quia impedit aliquam assumenda unde beatae illum. Ex asperiores quis earum qui ut voluptas quis. Nesciunt ea consequatur vero qui animi.',1,61,'2021-04-18 02:49:23','2021-04-18 02:49:23'),(40,'Pariatur quos et est.','Ipsa voluptas earum rerum atque magni assumenda. Ut aut quis tempore ea maiores eveniet sunt. Optio libero ab quos sint. Corrupti consectetur impedit nemo excepturi asperiores id et maxime.',1,126,'2021-04-18 02:49:23','2021-04-18 02:49:23'),(41,'Provident velit suscipit expedita et ullam est rem.','Nisi odit voluptas non quia. Molestiae quam qui quam corporis neque culpa est est. Molestiae quis enim rem ipsum repudiandae nisi doloribus. Ut maiores sed repellat neque sit voluptatem. Perferendis dolore impedit minima officiis beatae quod.',1,167,'2021-04-18 02:49:23','2021-04-18 02:49:23'),(42,'Quam esse porro sint quo ullam unde quia.','Qui sed voluptates aspernatur dolorem. Eligendi qui quia soluta et facilis. Assumenda quia sit porro. Quasi aut voluptate explicabo adipisci.',5,10,'2021-04-18 02:49:23','2021-04-18 02:49:23'),(43,'Qui explicabo voluptas harum quas quam asperiores.','Sint porro odio ullam rem. Dolorem atque qui praesentium. Sed minima occaecati eos vero voluptatibus. In non consequatur ut magnam itaque iste assumenda.',2,52,'2021-04-18 02:49:23','2021-04-18 02:49:23'),(44,'Quia quia vel earum eos magnam cumque.','Itaque eligendi ipsa exercitationem ducimus. Quas est blanditiis sit dignissimos. Omnis reprehenderit voluptas aspernatur voluptatibus magni. Id qui qui consequatur placeat aut.',5,105,'2021-04-18 02:49:23','2021-04-18 02:49:23'),(45,'Quis commodi hic hic qui ipsa reiciendis quam.','Debitis quos voluptatibus ipsa nemo. Harum placeat facere occaecati enim architecto voluptas recusandae et. Ut in placeat tenetur nulla.',1,35,'2021-04-18 02:49:23','2021-04-18 02:49:23'),(46,'Rem expedita quasi quia adipisci voluptatem eveniet.','Dolor quidem consequatur est quasi velit eos. Tempore aut officiis optio id et et. Rerum aperiam sit eum suscipit deserunt.',2,43,'2021-04-18 02:49:23','2021-04-18 02:49:23'),(47,'Rerum magnam incidunt voluptates incidunt consequatur quia enim illo.','Et saepe autem modi explicabo laborum aut. Minima et molestias officiis consectetur dolorum ullam omnis eligendi. Aliquam occaecati voluptatem placeat saepe. Temporibus animi voluptas incidunt fuga inventore.',4,42,'2021-04-18 02:49:23','2021-04-18 02:49:23'),(48,'Saepe quidem officia aspernatur perspiciatis eum sed eum.','Aut aut illum quia et. Hic porro autem occaecati aut accusantium qui. Et ut eaque perspiciatis voluptas iusto est ipsum.',3,23,'2021-04-18 02:49:23','2021-04-18 02:49:23'),(49,'Sint accusamus temporibus pariatur dolore.','Quasi et quibusdam quia expedita. Eum dolores labore sit dicta quibusdam et quia dolores. Omnis sunt consequuntur iure culpa mollitia.',6,161,'2021-04-18 02:49:23','2021-04-18 02:49:23'),(50,'Sint molestiae illum blanditiis voluptates.','Magnam voluptatem sed est blanditiis tenetur. Optio totam minus ducimus amet ducimus maxime commodi. Necessitatibus ad alias soluta omnis possimus veritatis quae.',5,126,'2021-04-18 02:49:23','2021-04-18 02:49:23'),(51,'Sunt eum voluptatem quia qui odit quaerat.','Vero est non modi consequatur inventore. Et accusamus qui nostrum dolorem aut fugiat. Sapiente numquam asperiores velit doloribus magnam et tempore libero. Est nobis ipsa et sunt.',3,114,'2021-04-18 02:49:23','2021-04-18 02:49:23'),(52,'Tempore porro pariatur vel est aut dolores quas.','Repudiandae nihil tenetur ut in voluptatum saepe. Unde magni illum ullam rerum eaque eum et culpa. Ullam accusamus odio tempore cum perferendis autem iure.',3,65,'2021-04-18 02:49:23','2021-04-18 02:49:23'),(53,'Unde eaque dolor sint illo fugiat deleniti accusamus.','Dolores iusto corporis vel aut numquam sit. Dolor eveniet quia iure et repudiandae voluptatem dolorem. Provident qui ipsam molestiae deleniti perferendis. Doloribus itaque corporis laboriosam.',3,126,'2021-04-18 02:49:23','2021-04-18 02:49:23'),(54,'Ut eaque quisquam odit esse autem atque sed quis.','Ducimus libero vero molestiae dolorum fugiat. Nesciunt nesciunt possimus voluptas.',1,126,'2021-04-18 02:49:23','2021-04-18 02:49:23'),(55,'Ut rerum consequatur recusandae ipsum porro.','Labore ducimus ea quia dignissimos maxime. Accusantium illum provident labore nisi magni rerum officiis ut. Dolore distinctio aperiam illum sed.',4,30,'2021-04-18 02:49:23','2021-04-18 02:49:23'),(56,'Vel rerum sed non culpa quo aut labore.','Dolore culpa occaecati nihil asperiores dignissimos est. Eos explicabo repellat exercitationem. Illum fuga sit quia quo ipsum. Dolorum aliquid vero est officia.',7,190,'2021-04-18 02:49:23','2021-04-18 02:49:23'),(57,'Velit earum sequi iusto possimus.','Maxime assumenda doloribus quasi a labore impedit qui. Vel aut doloremque at molestias.',3,163,'2021-04-18 02:49:23','2021-04-18 02:49:23');
/*!40000 ALTER TABLE `news` ENABLE KEYS */;
UNLOCK TABLES;

--
-- Table structure for table `positions`
--

DROP TABLE IF EXISTS `positions`;
/*!40101 SET @saved_cs_client     = @@character_set_client */;
/*!50503 SET character_set_client = utf8mb4 */;
CREATE TABLE `positions` (
  `id` int unsigned NOT NULL AUTO_INCREMENT COMMENT 'Идентификатор должности',
  `name` varchar(255) NOT NULL COMMENT 'Именование должности',
  `created_at` datetime DEFAULT CURRENT_TIMESTAMP COMMENT 'Дата создания строки',
  `updated_at` datetime DEFAULT CURRENT_TIMESTAMP ON UPDATE CURRENT_TIMESTAMP COMMENT 'Дата обновления строки',
  PRIMARY KEY (`id`),
  UNIQUE KEY `name` (`name`)
) ENGINE=InnoDB AUTO_INCREMENT=32 DEFAULT CHARSET=utf8mb4 COLLATE=utf8mb4_0900_ai_ci COMMENT='Справочник должностей';
/*!40101 SET character_set_client = @saved_cs_client */;

--
-- Dumping data for table `positions`
--

LOCK TABLES `positions` WRITE;
/*!40000 ALTER TABLE `positions` DISABLE KEYS */;
INSERT INTO `positions` VALUES (1,'Junior QA Engineer','2021-04-17 18:44:48','2021-04-17 18:44:48'),(2,'QA Engineer','2021-04-17 18:44:48','2021-04-17 18:44:48'),(3,'Senior QA engineer','2021-04-17 18:44:48','2021-04-17 18:44:48'),(4,'Lead QA engineer','2021-04-17 18:44:48','2021-04-17 18:44:48'),(5,'Technical writer','2021-04-17 18:44:48','2021-04-17 18:44:48'),(6,'Senior technical writer','2021-04-17 18:44:48','2021-04-17 18:44:48'),(7,'Junior developer','2021-04-17 18:44:48','2021-04-17 18:44:48'),(8,'Senior developer','2021-04-17 18:44:48','2021-04-17 18:44:48'),(9,'Lead developer','2021-04-17 18:44:48','2021-04-17 18:44:48'),(10,'Architect','2021-04-17 18:44:48','2021-04-17 18:44:48'),(11,'Junior designer','2021-04-17 18:44:48','2021-04-17 18:44:48'),(12,'Designer','2021-04-17 18:44:48','2021-04-17 18:44:48'),(13,'Senior designer','2021-04-17 18:44:48','2021-04-17 18:44:48'),(14,'Analyst','2021-04-17 18:44:48','2021-04-17 18:44:48'),(15,'System analyst','2021-04-17 18:44:48','2021-04-17 18:44:48'),(16,'Senior analyst','2021-04-17 18:44:48','2021-04-17 18:44:48'),(17,'Product owner','2021-04-17 18:44:48','2021-04-17 18:44:48'),(18,'Support engineer','2021-04-17 18:44:48','2021-04-17 18:44:48'),(19,'Operations engineer','2021-04-17 18:44:48','2021-04-17 18:44:48'),(20,'Integration engineer','2021-04-17 18:44:48','2021-04-17 18:44:48'),(21,'Installation engineer','2021-04-17 18:44:48','2021-04-17 18:44:48'),(22,'Junior project manager','2021-04-17 18:44:48','2021-04-17 18:44:48'),(23,'Project manager','2021-04-17 18:44:48','2021-04-17 18:44:48'),(24,'Senior project manager','2021-04-17 18:44:48','2021-04-17 18:44:48'),(25,'Network engineer','2021-04-17 18:44:48','2021-04-17 18:44:48'),(26,'Junior system administrator','2021-04-17 18:44:48','2021-04-17 18:44:48'),(27,'System administrator','2021-04-17 18:44:48','2021-04-17 18:44:48'),(28,'Senior system administrator','2021-04-17 18:44:48','2021-04-17 18:44:48'),(29,'Deputy Director','2021-04-17 18:44:48','2021-04-17 18:44:48'),(30,'Director','2021-04-17 18:44:48','2021-04-17 18:44:48'),(31,'Executive director','2021-04-17 18:44:48','2021-04-17 18:44:48');
/*!40000 ALTER TABLE `positions` ENABLE KEYS */;
UNLOCK TABLES;

--
-- Table structure for table `product_hierarchy`
--

DROP TABLE IF EXISTS `product_hierarchy`;
/*!40101 SET @saved_cs_client     = @@character_set_client */;
/*!50503 SET character_set_client = utf8mb4 */;
CREATE TABLE `product_hierarchy` (
  `parent_product_id` int unsigned NOT NULL COMMENT 'Ссылка на родительский продукт',
  `children_product_id` int unsigned NOT NULL COMMENT 'Ссылка на дочерний продукт',
  `created_at` datetime DEFAULT CURRENT_TIMESTAMP COMMENT 'Дата создания строки',
  `updated_at` datetime DEFAULT CURRENT_TIMESTAMP ON UPDATE CURRENT_TIMESTAMP COMMENT 'Дата обновления строки',
  PRIMARY KEY (`parent_product_id`,`children_product_id`) COMMENT 'Составной ключ дочернего и родитеского продкутов',
  KEY `prod_child_fk_prod_id` (`children_product_id`),
  CONSTRAINT `prod_child_fk_prod_id` FOREIGN KEY (`children_product_id`) REFERENCES `products` (`id`) ON DELETE CASCADE,
  CONSTRAINT `prod_parent_fk_prod_id` FOREIGN KEY (`parent_product_id`) REFERENCES `products` (`id`) ON DELETE CASCADE
) ENGINE=InnoDB DEFAULT CHARSET=utf8mb4 COLLATE=utf8mb4_0900_ai_ci COMMENT='Иерархия продуктов';
/*!40101 SET character_set_client = @saved_cs_client */;

--
-- Dumping data for table `product_hierarchy`
--

LOCK TABLES `product_hierarchy` WRITE;
/*!40000 ALTER TABLE `product_hierarchy` DISABLE KEYS */;
INSERT INTO `product_hierarchy` VALUES (1,9,'2021-04-18 02:30:27','2021-04-18 02:30:27'),(1,10,'2021-04-18 02:30:27','2021-04-18 02:30:27'),(2,7,'2021-04-18 02:30:27','2021-04-18 02:30:27'),(2,8,'2021-04-18 02:30:27','2021-04-18 02:30:27'),(3,4,'2021-04-18 02:30:27','2021-04-18 02:30:27'),(3,5,'2021-04-18 02:30:27','2021-04-18 02:30:27'),(3,6,'2021-04-18 02:30:27','2021-04-18 02:30:27');
/*!40000 ALTER TABLE `product_hierarchy` ENABLE KEYS */;
UNLOCK TABLES;

--
-- Table structure for table `products`
--

DROP TABLE IF EXISTS `products`;
/*!40101 SET @saved_cs_client     = @@character_set_client */;
/*!50503 SET character_set_client = utf8mb4 */;
CREATE TABLE `products` (
  `id` int unsigned NOT NULL AUTO_INCREMENT COMMENT 'Идентификатор продукта',
  `name` varchar(255) NOT NULL COMMENT 'Название продукта',
  `description` text COMMENT 'Описание продукта',
  `owner_id` int unsigned NOT NULL COMMENT 'Ссылка крайнего за продукт',
  `created_at` datetime DEFAULT CURRENT_TIMESTAMP COMMENT 'Дата создания строки',
  `updated_at` datetime DEFAULT CURRENT_TIMESTAMP ON UPDATE CURRENT_TIMESTAMP COMMENT 'Дата обновления строки',
  PRIMARY KEY (`id`),
  UNIQUE KEY `name` (`name`),
  KEY `products_fk_user` (`owner_id`),
  CONSTRAINT `products_fk_user` FOREIGN KEY (`owner_id`) REFERENCES `employers` (`user_id`)
) ENGINE=InnoDB AUTO_INCREMENT=11 DEFAULT CHARSET=utf8mb4 COLLATE=utf8mb4_0900_ai_ci COMMENT='Продукты';
/*!40101 SET character_set_client = @saved_cs_client */;

--
-- Dumping data for table `products`
--

LOCK TABLES `products` WRITE;
/*!40000 ALTER TABLE `products` DISABLE KEYS */;
INSERT INTO `products` VALUES (1,'MiddleWare','Earum sequi voluptas et iusto unde labore.',11,'2021-04-18 02:28:23','2021-04-18 02:28:23'),(2,'Mobile App','Harum et voluptas veritatis est rerum quos.',117,'2021-04-18 02:28:23','2021-04-18 02:28:23'),(3,'Services','Maiores aperiam aut nobis eligendi et qui.',136,'2021-04-18 02:28:23','2021-04-18 02:28:23'),(4,'Meta Data Server','Adipisci hic voluptas soluta id est in similique.',194,'2021-04-18 02:28:23','2021-04-18 02:28:23'),(5,'WebMain','Impedit laboriosam voluptas veritatis praesentium dolorem architecto aut.',78,'2021-04-18 02:28:23','2021-04-18 02:28:23'),(6,'Profile Data Guide','Cumque tenetur odit enim provident voluptatum.',6,'2021-04-18 02:28:23','2021-04-18 02:28:23'),(7,'TVApp','Commodi dolor et recusandae dolore natus dolor ad.',67,'2021-04-18 02:28:23','2021-04-18 02:28:23'),(8,'SmartTV Application','Est omnis sapiente aliquid at quasi.',99,'2021-04-18 02:28:23','2021-04-18 02:28:23'),(9,'STB MW','Dolorum totam porro assumenda numquam.',167,'2021-04-18 02:28:23','2021-04-18 02:28:23'),(10,'GameConsole','Reprehenderit laudantium voluptatem illum saepe.',72,'2021-04-18 02:28:23','2021-04-18 02:28:23');
/*!40000 ALTER TABLE `products` ENABLE KEYS */;
UNLOCK TABLES;

--
-- Temporary view structure for view `project_list`
--

DROP TABLE IF EXISTS `project_list`;
/*!50001 DROP VIEW IF EXISTS `project_list`*/;
SET @saved_cs_client     = @@character_set_client;
/*!50503 SET character_set_client = utf8mb4 */;
/*!50001 CREATE VIEW `project_list` AS SELECT 
 1 AS `Проект`,
 1 AS `Статус`,
 1 AS `МП`,
 1 AS `Начало`,
 1 AS `Конец`,
 1 AS `Продукты`*/;
SET character_set_client = @saved_cs_client;

--
-- Table structure for table `project_statuses`
--

DROP TABLE IF EXISTS `project_statuses`;
/*!40101 SET @saved_cs_client     = @@character_set_client */;
/*!50503 SET character_set_client = utf8mb4 */;
CREATE TABLE `project_statuses` (
  `id` int unsigned NOT NULL AUTO_INCREMENT COMMENT 'Идентификатор статуса',
  `name` varchar(255) NOT NULL COMMENT 'Именование роли',
  `created_at` datetime DEFAULT CURRENT_TIMESTAMP COMMENT 'Дата создания строки',
  `updated_at` datetime DEFAULT CURRENT_TIMESTAMP ON UPDATE CURRENT_TIMESTAMP COMMENT 'Дата обновления строки',
  PRIMARY KEY (`id`),
  UNIQUE KEY `name` (`name`)
) ENGINE=InnoDB AUTO_INCREMENT=8 DEFAULT CHARSET=utf8mb4 COLLATE=utf8mb4_0900_ai_ci COMMENT='Справочник проектных статусов';
/*!40101 SET character_set_client = @saved_cs_client */;

--
-- Dumping data for table `project_statuses`
--

LOCK TABLES `project_statuses` WRITE;
/*!40000 ALTER TABLE `project_statuses` DISABLE KEYS */;
INSERT INTO `project_statuses` VALUES (1,'Planned','2021-04-17 23:06:53','2021-04-17 23:06:53'),(2,'Opened','2021-04-17 23:06:53','2021-04-17 23:06:53'),(3,'In progress','2021-04-17 23:06:53','2021-04-17 23:06:53'),(4,'Finished','2021-04-17 23:06:53','2021-04-17 23:06:53'),(5,'Closed','2021-04-17 23:06:53','2021-04-17 23:06:53'),(6,'Cancelled','2021-04-17 23:06:53','2021-04-17 23:06:53'),(7,'Postponed','2021-04-17 23:06:53','2021-04-17 23:06:53');
/*!40000 ALTER TABLE `project_statuses` ENABLE KEYS */;
UNLOCK TABLES;

--
-- Table structure for table `project_team`
--

DROP TABLE IF EXISTS `project_team`;
/*!40101 SET @saved_cs_client     = @@character_set_client */;
/*!50503 SET character_set_client = utf8mb4 */;
CREATE TABLE `project_team` (
  `project_id` int unsigned NOT NULL COMMENT 'Ссылка на проект',
  `user_id` int unsigned NOT NULL COMMENT 'Ссылка на сотрудника',
  `role_id` int unsigned NOT NULL COMMENT 'Ссылка на роль',
  `created_at` datetime DEFAULT CURRENT_TIMESTAMP COMMENT 'Дата создания строки',
  `updated_at` datetime DEFAULT CURRENT_TIMESTAMP ON UPDATE CURRENT_TIMESTAMP COMMENT 'Дата обновления строки',
  PRIMARY KEY (`project_id`,`user_id`,`role_id`) COMMENT 'Составной ключ',
  KEY `proj_team_fk_user` (`user_id`),
  KEY `proj_team_fk_` (`role_id`),
  CONSTRAINT `proj_team_fk_` FOREIGN KEY (`role_id`) REFERENCES `roles` (`id`),
  CONSTRAINT `proj_team_fk_proj_id` FOREIGN KEY (`project_id`) REFERENCES `projects` (`id`) ON DELETE CASCADE,
  CONSTRAINT `proj_team_fk_user` FOREIGN KEY (`user_id`) REFERENCES `employers` (`user_id`)
) ENGINE=InnoDB DEFAULT CHARSET=utf8mb4 COLLATE=utf8mb4_0900_ai_ci COMMENT='Команда проекта';
/*!40101 SET character_set_client = @saved_cs_client */;

--
-- Dumping data for table `project_team`
--

LOCK TABLES `project_team` WRITE;
/*!40000 ALTER TABLE `project_team` DISABLE KEYS */;
INSERT INTO `project_team` VALUES (1,106,1,'2021-04-18 10:22:54','2021-04-18 10:22:54'),(1,167,4,'2021-04-18 10:22:54','2021-04-18 10:22:54'),(2,85,7,'2021-04-18 10:22:54','2021-04-18 10:22:54'),(3,190,4,'2021-04-18 10:22:54','2021-04-18 10:22:54'),(5,89,3,'2021-04-18 10:22:54','2021-04-18 10:22:54'),(5,104,6,'2021-04-18 10:22:54','2021-04-18 10:22:54'),(6,24,1,'2021-04-18 10:22:54','2021-04-18 10:22:54'),(7,17,5,'2021-04-18 10:22:54','2021-04-18 10:22:54'),(7,123,2,'2021-04-18 10:22:54','2021-04-18 10:22:54'),(8,16,6,'2021-04-18 10:22:54','2021-04-18 10:22:54'),(8,24,6,'2021-04-18 10:22:54','2021-04-18 10:22:54'),(8,65,7,'2021-04-18 10:22:54','2021-04-18 10:22:54'),(9,29,4,'2021-04-18 10:22:54','2021-04-18 10:22:54'),(9,49,6,'2021-04-18 10:22:54','2021-04-18 10:22:54'),(9,63,2,'2021-04-18 10:22:54','2021-04-18 10:22:54'),(9,181,7,'2021-04-18 10:22:54','2021-04-18 10:22:54'),(10,167,6,'2021-04-18 10:22:54','2021-04-18 10:22:54'),(11,29,6,'2021-04-18 10:22:54','2021-04-18 10:22:54'),(11,35,5,'2021-04-18 10:22:54','2021-04-18 10:22:54'),(12,44,3,'2021-04-18 10:22:54','2021-04-18 10:22:54'),(12,49,4,'2021-04-18 10:22:54','2021-04-18 10:22:54'),(13,22,6,'2021-04-18 10:22:54','2021-04-18 10:22:54'),(13,86,3,'2021-04-18 10:22:54','2021-04-18 10:22:54'),(13,173,3,'2021-04-18 10:22:54','2021-04-18 10:22:54'),(13,184,4,'2021-04-18 10:22:54','2021-04-18 10:22:54'),(14,9,3,'2021-04-18 10:22:54','2021-04-18 10:22:54'),(14,184,7,'2021-04-18 10:22:54','2021-04-18 10:22:54'),(14,188,3,'2021-04-18 10:22:54','2021-04-18 10:22:54'),(15,88,5,'2021-04-18 10:22:54','2021-04-18 10:22:54'),(15,125,5,'2021-04-18 10:22:54','2021-04-18 10:22:54'),(16,13,5,'2021-04-18 10:22:54','2021-04-18 10:22:54'),(17,41,3,'2021-04-18 10:22:54','2021-04-18 10:22:54'),(17,172,2,'2021-04-18 10:22:54','2021-04-18 10:22:54'),(17,181,4,'2021-04-18 10:22:54','2021-04-18 10:22:54'),(17,184,3,'2021-04-18 10:22:54','2021-04-18 10:22:54'),(18,15,3,'2021-04-18 10:22:54','2021-04-18 10:22:54'),(18,95,2,'2021-04-18 10:22:54','2021-04-18 10:22:54'),(19,146,6,'2021-04-18 10:22:54','2021-04-18 10:22:54'),(20,12,4,'2021-04-18 10:22:54','2021-04-18 10:22:54'),(20,126,7,'2021-04-18 10:22:54','2021-04-18 10:22:54'),(21,110,2,'2021-04-18 10:22:54','2021-04-18 10:22:54'),(22,28,6,'2021-04-18 10:22:54','2021-04-18 10:22:54'),(22,68,1,'2021-04-18 10:22:54','2021-04-18 10:22:54'),(22,99,5,'2021-04-18 10:22:54','2021-04-18 10:22:54'),(22,142,5,'2021-04-18 10:22:54','2021-04-18 10:22:54'),(24,44,7,'2021-04-18 10:22:54','2021-04-18 10:22:54'),(25,8,2,'2021-04-18 10:22:54','2021-04-18 10:22:54'),(26,101,5,'2021-04-18 10:22:54','2021-04-18 10:22:54'),(26,165,6,'2021-04-18 10:22:54','2021-04-18 10:22:54'),(27,104,3,'2021-04-18 10:22:54','2021-04-18 10:22:54'),(27,107,7,'2021-04-18 10:22:54','2021-04-18 10:22:54'),(28,129,1,'2021-04-18 10:22:54','2021-04-18 10:22:54'),(28,137,4,'2021-04-18 10:22:54','2021-04-18 10:22:54'),(29,82,4,'2021-04-18 10:22:54','2021-04-18 10:22:54'),(29,175,4,'2021-04-18 10:22:54','2021-04-18 10:22:54'),(30,20,3,'2021-04-18 10:22:54','2021-04-18 10:22:54'),(30,33,2,'2021-04-18 10:22:54','2021-04-18 10:22:54'),(30,171,4,'2021-04-18 10:22:54','2021-04-18 10:22:54'),(32,37,7,'2021-04-18 10:22:54','2021-04-18 10:22:54'),(32,154,3,'2021-04-18 10:22:54','2021-04-18 10:22:54'),(32,168,3,'2021-04-18 10:22:54','2021-04-18 10:22:54'),(33,61,3,'2021-04-18 10:22:54','2021-04-18 10:22:54'),(33,98,4,'2021-04-18 10:22:54','2021-04-18 10:22:54'),(34,11,2,'2021-04-18 10:22:54','2021-04-18 10:22:54'),(34,33,1,'2021-04-18 10:22:54','2021-04-18 10:22:54'),(34,51,3,'2021-04-18 10:22:54','2021-04-18 10:22:54'),(34,72,2,'2021-04-18 10:22:54','2021-04-18 10:22:54'),(34,105,3,'2021-04-18 10:22:54','2021-04-18 10:22:54'),(35,16,3,'2021-04-18 10:22:54','2021-04-18 10:22:54'),(35,115,6,'2021-04-18 10:22:54','2021-04-18 10:22:54'),(36,77,5,'2021-04-18 10:22:54','2021-04-18 10:22:54'),(37,175,1,'2021-04-18 10:22:54','2021-04-18 10:22:54'),(38,6,1,'2021-04-18 10:22:54','2021-04-18 10:22:54'),(38,183,5,'2021-04-18 10:22:54','2021-04-18 10:22:54'),(39,104,3,'2021-04-18 10:22:54','2021-04-18 10:22:54'),(39,136,6,'2021-04-18 10:22:54','2021-04-18 10:22:54'),(40,35,7,'2021-04-18 10:22:54','2021-04-18 10:22:54'),(40,199,2,'2021-04-18 10:22:54','2021-04-18 10:22:54'),(42,8,2,'2021-04-18 10:22:54','2021-04-18 10:22:54'),(43,61,3,'2021-04-18 10:22:54','2021-04-18 10:22:54'),(43,149,4,'2021-04-18 10:22:54','2021-04-18 10:22:54'),(43,171,6,'2021-04-18 10:22:54','2021-04-18 10:22:54'),(43,181,3,'2021-04-18 10:22:54','2021-04-18 10:22:54'),(44,29,1,'2021-04-18 10:22:54','2021-04-18 10:22:54'),(44,50,4,'2021-04-18 10:22:54','2021-04-18 10:22:54'),(44,79,4,'2021-04-18 10:22:54','2021-04-18 10:22:54'),(44,114,4,'2021-04-18 10:22:54','2021-04-18 10:22:54'),(45,160,1,'2021-04-18 10:22:54','2021-04-18 10:22:54'),(47,5,2,'2021-04-18 10:22:54','2021-04-18 10:22:54'),(47,20,1,'2021-04-18 10:22:54','2021-04-18 10:22:54'),(47,26,4,'2021-04-18 10:22:54','2021-04-18 10:22:54'),(47,98,5,'2021-04-18 10:22:54','2021-04-18 10:22:54'),(48,20,3,'2021-04-18 10:22:54','2021-04-18 10:22:54'),(48,85,6,'2021-04-18 10:22:54','2021-04-18 10:22:54'),(49,13,3,'2021-04-18 10:22:54','2021-04-18 10:22:54'),(50,40,5,'2021-04-18 10:22:54','2021-04-18 10:22:54'),(50,42,4,'2021-04-18 10:22:54','2021-04-18 10:22:54'),(50,111,2,'2021-04-18 10:22:54','2021-04-18 10:22:54'),(50,186,4,'2021-04-18 10:22:54','2021-04-18 10:22:54'),(51,32,1,'2021-04-18 10:22:54','2021-04-18 10:22:54'),(51,154,2,'2021-04-18 10:22:54','2021-04-18 10:22:54'),(52,139,7,'2021-04-18 10:22:54','2021-04-18 10:22:54'),(52,167,5,'2021-04-18 10:22:54','2021-04-18 10:22:54'),(53,7,3,'2021-04-18 10:22:54','2021-04-18 10:22:54'),(53,26,7,'2021-04-18 10:22:54','2021-04-18 10:22:54'),(53,47,2,'2021-04-18 10:22:54','2021-04-18 10:22:54'),(53,125,4,'2021-04-18 10:22:54','2021-04-18 10:22:54'),(54,82,5,'2021-04-18 10:22:54','2021-04-18 10:22:54'),(54,83,3,'2021-04-18 10:22:54','2021-04-18 10:22:54'),(54,104,7,'2021-04-18 10:22:54','2021-04-18 10:22:54'),(55,79,5,'2021-04-18 10:22:54','2021-04-18 10:22:54'),(55,97,2,'2021-04-18 10:22:54','2021-04-18 10:22:54'),(56,138,7,'2021-04-18 10:22:54','2021-04-18 10:22:54'),(56,190,7,'2021-04-18 10:22:54','2021-04-18 10:22:54'),(57,1,1,'2021-04-18 10:22:54','2021-04-18 10:22:54'),(57,101,6,'2021-04-18 10:22:54','2021-04-18 10:22:54'),(57,117,3,'2021-04-18 10:22:54','2021-04-18 10:22:54'),(57,167,1,'2021-04-18 10:22:54','2021-04-18 10:22:54'),(58,38,1,'2021-04-18 10:22:54','2021-04-18 10:22:54'),(58,155,1,'2021-04-18 10:22:54','2021-04-18 10:22:54'),(59,3,7,'2021-04-18 10:22:54','2021-04-18 10:22:54'),(59,110,2,'2021-04-18 10:22:54','2021-04-18 10:22:54'),(59,179,5,'2021-04-18 10:22:54','2021-04-18 10:22:54'),(60,153,6,'2021-04-18 10:22:54','2021-04-18 10:22:54'),(62,127,3,'2021-04-18 10:22:54','2021-04-18 10:22:54'),(62,187,7,'2021-04-18 10:22:54','2021-04-18 10:22:54'),(63,33,2,'2021-04-18 10:22:54','2021-04-18 10:22:54'),(63,92,3,'2021-04-18 10:22:54','2021-04-18 10:22:54'),(63,162,6,'2021-04-18 10:22:54','2021-04-18 10:22:54'),(64,26,6,'2021-04-18 10:22:54','2021-04-18 10:22:54'),(64,159,3,'2021-04-18 10:22:54','2021-04-18 10:22:54'),(65,73,5,'2021-04-18 10:22:54','2021-04-18 10:22:54'),(65,91,6,'2021-04-18 10:22:54','2021-04-18 10:22:54'),(65,128,6,'2021-04-18 10:22:54','2021-04-18 10:22:54'),(65,130,7,'2021-04-18 10:22:54','2021-04-18 10:22:54'),(65,162,6,'2021-04-18 10:22:54','2021-04-18 10:22:54'),(66,2,3,'2021-04-18 10:22:54','2021-04-18 10:22:54'),(66,38,5,'2021-04-18 10:22:54','2021-04-18 10:22:54'),(66,101,6,'2021-04-18 10:22:54','2021-04-18 10:22:54'),(66,104,6,'2021-04-18 10:22:54','2021-04-18 10:22:54'),(67,142,1,'2021-04-18 10:22:54','2021-04-18 10:22:54'),(69,122,3,'2021-04-18 10:22:54','2021-04-18 10:22:54'),(69,163,6,'2021-04-18 10:22:54','2021-04-18 10:22:54'),(70,13,4,'2021-04-18 10:22:54','2021-04-18 10:22:54'),(70,46,1,'2021-04-18 10:22:54','2021-04-18 10:22:54'),(71,83,7,'2021-04-18 10:22:54','2021-04-18 10:22:54'),(71,114,7,'2021-04-18 10:22:54','2021-04-18 10:22:54'),(71,127,2,'2021-04-18 10:22:54','2021-04-18 10:22:54'),(72,2,7,'2021-04-18 10:22:54','2021-04-18 10:22:54'),(72,145,7,'2021-04-18 10:22:54','2021-04-18 10:22:54');
/*!40000 ALTER TABLE `project_team` ENABLE KEYS */;
UNLOCK TABLES;

--
-- Table structure for table `projects`
--

DROP TABLE IF EXISTS `projects`;
/*!40101 SET @saved_cs_client     = @@character_set_client */;
/*!50503 SET character_set_client = utf8mb4 */;
CREATE TABLE `projects` (
  `id` int unsigned NOT NULL AUTO_INCREMENT COMMENT 'Идентификатор проекта',
  `name` varchar(255) NOT NULL COMMENT 'Название проекта',
  `description` text COMMENT 'Описание проекта',
  `status_id` int unsigned NOT NULL COMMENT 'Ссылка на статус',
  `start_date` date DEFAULT NULL COMMENT 'Дата начала проекта',
  `finish_date` date DEFAULT NULL COMMENT 'Дата завершения проекта',
  `results` text COMMENT 'Результаты проекта',
  `created_at` datetime DEFAULT CURRENT_TIMESTAMP COMMENT 'Дата создания строки',
  `updated_at` datetime DEFAULT CURRENT_TIMESTAMP ON UPDATE CURRENT_TIMESTAMP COMMENT 'Дата обновления строки',
  PRIMARY KEY (`id`),
  UNIQUE KEY `name` (`name`),
  KEY `projects_fk_status_id` (`status_id`),
  CONSTRAINT `projects_fk_status_id` FOREIGN KEY (`status_id`) REFERENCES `project_statuses` (`id`)
) ENGINE=InnoDB AUTO_INCREMENT=145 DEFAULT CHARSET=utf8mb4 COLLATE=utf8mb4_0900_ai_ci COMMENT='Проекты';
/*!40101 SET character_set_client = @saved_cs_client */;

--
-- Dumping data for table `projects`
--

LOCK TABLES `projects` WRITE;
/*!40000 ALTER TABLE `projects` DISABLE KEYS */;
INSERT INTO `projects` VALUES (1,'Bartell','Adaptive national firmware',5,'2006-07-04','2006-12-18','Ut placeat aspernatur sunt.','2021-04-18 02:05:26','2021-04-18 10:18:25'),(2,'Bashirian','Sharable methodical alliance',2,'2014-03-29','2014-09-10',NULL,'2021-04-18 02:05:26','2021-04-18 10:18:25'),(3,'Beahan','Universal intangible groupware',1,'2020-05-22','2020-11-16',NULL,'2021-04-18 02:05:26','2021-04-18 10:18:25'),(4,'Bernhard','Facetoface multi-tasking hub',3,'2007-05-17','2007-08-05',NULL,'2021-04-18 02:05:26','2021-04-18 10:18:25'),(5,'Blick','Synergistic executive firmware',5,'2005-09-21','2006-06-23','Ea ut temporibus omnis rerum placeat voluptatibus.','2021-04-18 02:05:26','2021-04-18 10:18:25'),(6,'Boyer','Digitized fault-tolerant GraphicalUserInterface',4,'2001-02-27','2001-07-18',NULL,'2021-04-18 02:05:26','2021-04-18 10:18:25'),(7,'Carter','Centralized mission-critical utilisation',3,'2019-08-15','2020-03-06',NULL,'2021-04-18 02:05:26','2021-04-18 10:18:25'),(8,'Cartwright','Integrated exuding encoding',7,'2020-04-01','2020-05-24',NULL,'2021-04-18 02:05:26','2021-04-18 10:18:25'),(9,'Cormier','Polarised human-resource framework',5,'2016-07-11','2017-04-16','Voluptatem placeat et nemo.','2021-04-18 02:05:26','2021-04-18 10:18:25'),(10,'Crist','Monitored actuating standardization',7,'2000-04-06','2000-06-21',NULL,'2021-04-18 02:05:26','2021-04-18 10:18:25'),(11,'Cronin','Up-sized needs-based paradigm',5,'1995-08-30','1995-10-09','Voluptatum laboriosam dolores veritatis eos est dolorum ea fuga.','2021-04-18 02:05:26','2021-04-18 10:18:25'),(12,'Crooks','Implemented full-range attitude',7,'1994-06-01','1994-08-14',NULL,'2021-04-18 02:05:26','2021-04-18 10:18:25'),(13,'Denesik','Realigned directional capability',1,'2012-02-22','2013-01-05',NULL,'2021-04-18 02:05:26','2021-04-18 10:18:26'),(14,'Erdman','Programmable discrete contingency',4,'1999-01-10','1999-09-19',NULL,'2021-04-18 02:05:26','2021-04-18 10:18:26'),(15,'Farrell','Grass-roots maximized localareanetwork',1,'2011-08-17','2011-12-11',NULL,'2021-04-18 02:05:26','2021-04-18 10:18:26'),(16,'Feil','Realigned local superstructure',2,'2007-11-28','2008-09-23',NULL,'2021-04-18 02:05:26','2021-04-18 10:18:26'),(17,'Funk','Object-based nextgeneration productivity',2,'2004-06-05','2005-02-28',NULL,'2021-04-18 02:05:26','2021-04-18 10:18:26'),(18,'Goyette','Multi-lateral object-oriented hardware',5,'2001-11-19','2002-06-15','Ratione aut quia consequatur voluptatem recusandae.','2021-04-18 02:05:26','2021-04-18 10:18:26'),(19,'Green','Reactive impactful framework',1,'2014-12-19','2015-03-15',NULL,'2021-04-18 02:05:26','2021-04-18 10:18:26'),(20,'Grimes','Profound explicit website',2,'2015-07-20','2015-11-20',NULL,'2021-04-18 02:05:26','2021-04-18 10:18:26'),(21,'Gutkowski','Exclusive bandwidth-monitored analyzer',4,'1999-02-27','1999-06-19',NULL,'2021-04-18 02:05:26','2021-04-18 10:18:26'),(22,'Hand','Digitized scalable project',4,'2013-07-17','2014-05-01',NULL,'2021-04-18 02:05:26','2021-04-18 10:18:26'),(23,'Harvey','Synergized 4thgeneration time-frame',2,'2013-01-09','2013-04-11',NULL,'2021-04-18 02:05:26','2021-04-18 10:18:26'),(24,'Hayes','Future-proofed global pricingstructure',4,'1994-02-18','1994-11-09',NULL,'2021-04-18 02:05:26','2021-04-18 10:18:26'),(25,'Hettinger','Customer-focused systematic archive',1,'2000-12-26','2001-06-10',NULL,'2021-04-18 02:05:26','2021-04-18 10:18:26'),(26,'Hirthe','Right-sized bi-directional capability',5,'2000-04-16','2000-06-07','Commodi voluptates sint ducimus quisquam molestias error.','2021-04-18 02:05:26','2021-04-18 10:18:26'),(27,'Homenick','Decentralized motivating instructionset',1,'2015-08-19','2016-04-04',NULL,'2021-04-18 02:05:26','2021-04-18 10:18:26'),(28,'Howe','Realigned homogeneous instructionset',4,'2012-06-06','2013-01-26',NULL,'2021-04-18 02:05:26','2021-04-18 10:18:26'),(29,'Jacobson','Progressive cohesive solution',4,'1994-02-22','1994-09-14',NULL,'2021-04-18 02:05:26','2021-04-18 10:18:26'),(30,'Keebler','Right-sized disintermediate protocol',6,'2006-07-26','2007-06-08',NULL,'2021-04-18 02:05:26','2021-04-18 10:18:26'),(31,'Keeling','Organized analyzing moderator',5,'2015-11-22','2016-05-19','Aut necessitatibus et porro enim optio.','2021-04-18 02:05:26','2021-04-18 10:18:26'),(32,'Kerluke','Team-oriented analyzing installation',7,'2021-02-09','2021-08-09',NULL,'2021-04-18 02:05:26','2021-04-18 10:18:26'),(33,'Kertzmann','Balanced fault-tolerant database',4,'2006-03-24','2006-03-26',NULL,'2021-04-18 02:05:26','2021-04-18 10:18:26'),(34,'Kirlin','Persevering 4thgeneration collaboration',4,'2007-07-03','2008-03-09',NULL,'2021-04-18 02:05:26','2021-04-18 10:18:26'),(35,'Kreiger','Implemented empowering complexity',6,'2015-04-04','2016-03-13',NULL,'2021-04-18 02:05:26','2021-04-18 10:18:26'),(36,'Kub','Focused human-resource time-frame',3,'2000-08-12','2001-05-08',NULL,'2021-04-18 02:05:26','2021-04-18 10:18:26'),(37,'Kuhic','Versatile nextgeneration parallelism',1,'2013-09-22','2014-04-03',NULL,'2021-04-18 02:05:26','2021-04-18 10:18:26'),(38,'Kutch','Realigned regional function',2,'2003-05-31','2003-11-07',NULL,'2021-04-18 02:05:26','2021-04-18 10:18:26'),(39,'Little','Innovative full-range methodology',6,'2020-07-11','2021-01-30',NULL,'2021-04-18 02:05:26','2021-04-18 10:18:26'),(40,'Lockman','Optimized executive leverage',5,'2017-02-19','2017-10-09','Ut omnis aut reiciendis et enim doloribus facilis.','2021-04-18 02:05:26','2021-04-18 10:18:26'),(41,'Maggio','Multi-lateral national policy',6,'2009-05-31','2009-07-10',NULL,'2021-04-18 02:05:26','2021-04-18 10:18:26'),(42,'Marquardt','Future-proofed fault-tolerant approach',7,'2013-07-07','2013-11-20',NULL,'2021-04-18 02:05:26','2021-04-18 10:18:26'),(43,'Marvin','Progressive solution-oriented opensystem',5,'2010-07-07','2010-08-08','Laudantium minima enim id earum incidunt.','2021-04-18 02:05:26','2021-04-18 10:18:26'),(44,'Mayert','Balanced 24/7 utilisation',6,'2006-11-13','2007-03-15',NULL,'2021-04-18 02:05:26','2021-04-18 10:18:26'),(45,'McClure','Synchronised solution-oriented leverage',1,'1994-08-28','1995-03-23',NULL,'2021-04-18 02:05:26','2021-04-18 10:18:26'),(46,'Medhurst','Diverse national toolset',5,'2006-03-04','2006-12-14','Ut eaque fuga omnis qui.','2021-04-18 02:05:26','2021-04-18 10:18:26'),(47,'Morar','Managed object-oriented hardware',1,'2003-10-15','2004-07-13',NULL,'2021-04-18 02:05:26','2021-04-18 10:18:26'),(48,'Mraz','Multi-channelled optimizing workforce',4,'2005-05-08','2005-06-19',NULL,'2021-04-18 02:05:26','2021-04-18 10:18:26'),(49,'Mueller','Universal impactful functionalities',5,'1996-04-14','1996-10-12','Eos rerum nulla adipisci distinctio odit et voluptatem.','2021-04-18 02:05:26','2021-04-18 10:18:26'),(50,'O\'Kon','Quality-focused multimedia capability',4,'2020-09-02','2021-01-27',NULL,'2021-04-18 02:05:26','2021-04-18 10:18:26'),(51,'Okuneva','Phased upward-trending matrices',1,'1993-10-08','1993-12-24',NULL,'2021-04-18 02:05:26','2021-04-18 10:18:26'),(52,'Ortiz','Decentralized logistical groupware',5,'2015-07-14','2015-12-08','Ut libero dignissimos eos eaque.','2021-04-18 02:05:26','2021-04-18 10:18:26'),(53,'Osinski','Visionary client-server capacity',3,'2009-01-22','2009-10-24',NULL,'2021-04-18 02:05:26','2021-04-18 10:18:26'),(54,'Padberg','Upgradable regional function',5,'2021-04-13','2022-01-04','Saepe deleniti architecto provident eum.','2021-04-18 02:05:26','2021-04-18 10:18:26'),(55,'Pfannerstill','Intuitive eco-centric attitude',7,'2010-10-13','2010-11-05',NULL,'2021-04-18 02:05:26','2021-04-18 10:18:26'),(56,'Price','Switchable grid-enabled workforce',7,'2002-03-24','2002-11-12',NULL,'2021-04-18 02:05:26','2021-04-18 10:18:27'),(57,'Prohaska','Reduced cohesive adapter',3,'1994-05-16','1994-12-22',NULL,'2021-04-18 02:05:26','2021-04-18 10:18:27'),(58,'Quigley','Cloned multimedia emulation',3,'2012-05-26','2013-02-09',NULL,'2021-04-18 02:05:26','2021-04-18 10:18:27'),(59,'Rau','Focused leadingedge securedline',6,'2004-05-07','2004-05-26',NULL,'2021-04-18 02:05:26','2021-04-18 10:18:27'),(60,'Ritchie','Multi-tiered stable extranet',5,'2020-02-12','2020-10-03','Similique asperiores est facere mollitia asperiores ut et.','2021-04-18 02:05:26','2021-04-18 10:18:27'),(61,'Runolfsdottir','Business-focused clear-thinking intranet',6,'2000-12-13','2001-08-24',NULL,'2021-04-18 02:05:26','2021-04-18 10:18:27'),(62,'Ryan','Pre-emptive static emulation',3,'2006-06-25','2006-12-06',NULL,'2021-04-18 02:05:26','2021-04-18 10:18:27'),(63,'Sanford','Configurable background definition',4,'2013-03-27','2013-07-17',NULL,'2021-04-18 02:05:26','2021-04-18 10:18:27'),(64,'Satterfield','Adaptive scalable complexity',3,'2001-07-01','2002-04-14',NULL,'2021-04-18 02:05:26','2021-04-18 10:18:27'),(65,'Schneider','Open-source motivating encryption',4,'2018-08-28','2018-11-08',NULL,'2021-04-18 02:05:26','2021-04-18 10:18:27'),(66,'Shields','Ergonomic holistic service-desk',3,'1998-11-07','1999-07-11',NULL,'2021-04-18 02:05:26','2021-04-18 10:18:27'),(67,'Stamm','Function-based zerodefect paradigm',1,'2009-11-04','2009-11-28',NULL,'2021-04-18 02:05:26','2021-04-18 10:18:27'),(68,'Thiel','Intuitive system-worthy access',1,'2005-09-19','2005-12-03',NULL,'2021-04-18 02:05:26','2021-04-18 10:18:27'),(69,'Waelchi','Persevering object-oriented solution',3,'2008-12-10','2009-04-07',NULL,'2021-04-18 02:05:26','2021-04-18 10:18:27'),(70,'Walker','Exclusive dynamic synergy',6,'2017-02-04','2017-06-02',NULL,'2021-04-18 02:05:26','2021-04-18 10:18:27'),(71,'Walter','Horizontal zerotolerance portal',3,'1992-07-02','1992-09-28',NULL,'2021-04-18 02:05:26','2021-04-18 10:18:27'),(72,'Williamson','Integrated incremental product',7,'1993-07-18','1994-03-17',NULL,'2021-04-18 02:05:26','2021-04-18 10:18:27');
/*!40000 ALTER TABLE `projects` ENABLE KEYS */;
UNLOCK TABLES;
/*!50003 SET @saved_cs_client      = @@character_set_client */ ;
/*!50003 SET @saved_cs_results     = @@character_set_results */ ;
/*!50003 SET @saved_col_connection = @@collation_connection */ ;
/*!50003 SET character_set_client  = utf8mb4 */ ;
/*!50003 SET character_set_results = utf8mb4 */ ;
/*!50003 SET collation_connection  = utf8mb4_0900_ai_ci */ ;
/*!50003 SET @saved_sql_mode       = @@sql_mode */ ;
/*!50003 SET sql_mode              = 'ONLY_FULL_GROUP_BY,STRICT_TRANS_TABLES,NO_ZERO_IN_DATE,NO_ZERO_DATE,ERROR_FOR_DIVISION_BY_ZERO,NO_ENGINE_SUBSTITUTION' */ ;
DELIMITER ;;
/*!50003 CREATE*/ /*!50017 DEFINER=`root`@`localhost`*/ /*!50003 TRIGGER `closed_project_without_results` BEFORE UPDATE ON `projects` FOR EACH ROW begin
	if coalesce(new.results, new.status_id) = 5 then signal sqlstate '45001' set message_text = 'UPDATE canceled: project cannot be closed without results';
	end if;
end */;;
DELIMITER ;
/*!50003 SET sql_mode              = @saved_sql_mode */ ;
/*!50003 SET character_set_client  = @saved_cs_client */ ;
/*!50003 SET character_set_results = @saved_cs_results */ ;
/*!50003 SET collation_connection  = @saved_col_connection */ ;

--
-- Table structure for table `projects_products`
--

DROP TABLE IF EXISTS `projects_products`;
/*!40101 SET @saved_cs_client     = @@character_set_client */;
/*!50503 SET character_set_client = utf8mb4 */;
CREATE TABLE `projects_products` (
  `project_id` int unsigned NOT NULL COMMENT 'Ссылка на проект',
  `product_id` int unsigned NOT NULL COMMENT 'Ссылка на задейтсвованный продукт',
  `created_at` datetime DEFAULT CURRENT_TIMESTAMP COMMENT 'Дата создания строки',
  `updated_at` datetime DEFAULT CURRENT_TIMESTAMP ON UPDATE CURRENT_TIMESTAMP COMMENT 'Дата обновления строки',
  PRIMARY KEY (`project_id`,`product_id`) COMMENT 'Составной ключ проекта и продукта',
  KEY `proj_prod_fk_prod_id` (`product_id`),
  CONSTRAINT `proj_prod_fk_prod_id` FOREIGN KEY (`product_id`) REFERENCES `products` (`id`) ON DELETE CASCADE,
  CONSTRAINT `proj_prod_fk_proj_id` FOREIGN KEY (`project_id`) REFERENCES `projects` (`id`) ON DELETE CASCADE
) ENGINE=InnoDB DEFAULT CHARSET=utf8mb4 COLLATE=utf8mb4_0900_ai_ci COMMENT='Продукты, задействованные в проекте';
/*!40101 SET character_set_client = @saved_cs_client */;

--
-- Dumping data for table `projects_products`
--

LOCK TABLES `projects_products` WRITE;
/*!40000 ALTER TABLE `projects_products` DISABLE KEYS */;
INSERT INTO `projects_products` VALUES (1,1,'2021-04-18 15:37:06','2021-04-18 15:37:06'),(1,2,'2021-04-18 10:33:30','2021-04-18 10:33:30'),(1,3,'2021-04-18 15:37:06','2021-04-18 15:37:06'),(2,2,'2021-04-18 10:33:30','2021-04-18 10:33:30'),(3,9,'2021-04-18 10:33:30','2021-04-18 10:33:30'),(4,8,'2021-04-18 10:33:30','2021-04-18 10:33:30'),(5,5,'2021-04-18 10:33:30','2021-04-18 10:33:30'),(6,1,'2021-04-18 10:33:30','2021-04-18 10:33:30'),(7,5,'2021-04-18 10:33:30','2021-04-18 10:33:30'),(8,9,'2021-04-18 10:33:30','2021-04-18 10:33:30'),(9,10,'2021-04-18 10:33:30','2021-04-18 10:33:30'),(10,4,'2021-04-18 10:33:30','2021-04-18 10:33:30'),(11,2,'2021-04-18 10:33:30','2021-04-18 10:33:30'),(12,5,'2021-04-18 10:33:30','2021-04-18 10:33:30'),(13,9,'2021-04-18 10:33:30','2021-04-18 10:33:30'),(14,1,'2021-04-18 10:33:30','2021-04-18 10:33:30'),(15,1,'2021-04-18 10:33:30','2021-04-18 10:33:30'),(16,8,'2021-04-18 10:33:30','2021-04-18 10:33:30'),(17,2,'2021-04-18 10:33:30','2021-04-18 10:33:30'),(18,9,'2021-04-18 10:33:30','2021-04-18 10:33:30'),(19,10,'2021-04-18 10:33:30','2021-04-18 10:33:30'),(20,1,'2021-04-18 10:33:30','2021-04-18 10:33:30'),(21,4,'2021-04-18 10:33:30','2021-04-18 10:33:30'),(22,7,'2021-04-18 10:33:30','2021-04-18 10:33:30'),(23,9,'2021-04-18 10:33:30','2021-04-18 10:33:30'),(24,7,'2021-04-18 10:33:30','2021-04-18 10:33:30'),(25,10,'2021-04-18 10:33:30','2021-04-18 10:33:30'),(26,5,'2021-04-18 10:33:30','2021-04-18 10:33:30'),(27,10,'2021-04-18 10:33:30','2021-04-18 10:33:30'),(28,9,'2021-04-18 10:33:30','2021-04-18 10:33:30'),(29,8,'2021-04-18 10:33:30','2021-04-18 10:33:30'),(30,2,'2021-04-18 10:33:30','2021-04-18 10:33:30'),(31,9,'2021-04-18 10:33:30','2021-04-18 10:33:30'),(32,2,'2021-04-18 10:33:30','2021-04-18 10:33:30'),(33,1,'2021-04-18 10:33:30','2021-04-18 10:33:30'),(34,7,'2021-04-18 10:33:30','2021-04-18 10:33:30'),(35,8,'2021-04-18 10:33:30','2021-04-18 10:33:30'),(36,8,'2021-04-18 10:33:30','2021-04-18 10:33:30'),(37,7,'2021-04-18 10:33:30','2021-04-18 10:33:30'),(38,6,'2021-04-18 10:33:30','2021-04-18 10:33:30'),(39,4,'2021-04-18 10:33:30','2021-04-18 10:33:30'),(40,5,'2021-04-18 10:33:30','2021-04-18 10:33:30'),(41,7,'2021-04-18 10:33:30','2021-04-18 10:33:30'),(42,7,'2021-04-18 10:33:30','2021-04-18 10:33:30'),(43,3,'2021-04-18 10:33:30','2021-04-18 10:33:30'),(44,4,'2021-04-18 10:33:30','2021-04-18 10:33:30'),(45,6,'2021-04-18 10:33:30','2021-04-18 10:33:30'),(46,6,'2021-04-18 10:33:30','2021-04-18 10:33:30'),(47,9,'2021-04-18 10:33:30','2021-04-18 10:33:30'),(48,3,'2021-04-18 10:33:30','2021-04-18 10:33:30'),(49,7,'2021-04-18 10:33:30','2021-04-18 10:33:30'),(50,4,'2021-04-18 10:33:30','2021-04-18 10:33:30'),(51,2,'2021-04-18 10:33:30','2021-04-18 10:33:30'),(52,4,'2021-04-18 10:33:30','2021-04-18 10:33:30'),(53,9,'2021-04-18 10:33:30','2021-04-18 10:33:30'),(54,6,'2021-04-18 10:33:30','2021-04-18 10:33:30'),(55,10,'2021-04-18 10:33:30','2021-04-18 10:33:30'),(56,5,'2021-04-18 10:33:30','2021-04-18 10:33:30'),(57,8,'2021-04-18 10:33:30','2021-04-18 10:33:30'),(58,8,'2021-04-18 10:33:30','2021-04-18 10:33:30'),(59,7,'2021-04-18 10:33:30','2021-04-18 10:33:30'),(60,4,'2021-04-18 10:33:30','2021-04-18 10:33:30'),(61,10,'2021-04-18 10:33:30','2021-04-18 10:33:30'),(62,1,'2021-04-18 10:33:30','2021-04-18 10:33:30'),(63,8,'2021-04-18 10:33:30','2021-04-18 10:33:30'),(64,8,'2021-04-18 10:33:30','2021-04-18 10:33:30'),(65,5,'2021-04-18 10:33:30','2021-04-18 10:33:30'),(66,5,'2021-04-18 10:33:30','2021-04-18 10:33:30'),(67,3,'2021-04-18 10:33:30','2021-04-18 10:33:30'),(68,9,'2021-04-18 10:33:30','2021-04-18 10:33:30'),(69,10,'2021-04-18 10:33:30','2021-04-18 10:33:30'),(70,6,'2021-04-18 10:33:30','2021-04-18 10:33:30'),(71,8,'2021-04-18 10:33:30','2021-04-18 10:33:30'),(72,10,'2021-04-18 10:33:30','2021-04-18 10:33:30');
/*!40000 ALTER TABLE `projects_products` ENABLE KEYS */;
UNLOCK TABLES;

--
-- Table structure for table `roles`
--

DROP TABLE IF EXISTS `roles`;
/*!40101 SET @saved_cs_client     = @@character_set_client */;
/*!50503 SET character_set_client = utf8mb4 */;
CREATE TABLE `roles` (
  `id` int unsigned NOT NULL AUTO_INCREMENT COMMENT 'Идентификатор роли',
  `name` varchar(255) NOT NULL COMMENT 'Именование роли',
  `created_at` datetime DEFAULT CURRENT_TIMESTAMP COMMENT 'Дата создания строки',
  `updated_at` datetime DEFAULT CURRENT_TIMESTAMP ON UPDATE CURRENT_TIMESTAMP COMMENT 'Дата обновления строки',
  PRIMARY KEY (`id`),
  UNIQUE KEY `name` (`name`)
) ENGINE=InnoDB AUTO_INCREMENT=8 DEFAULT CHARSET=utf8mb4 COLLATE=utf8mb4_0900_ai_ci COMMENT='Справочник проектных ролей';
/*!40101 SET character_set_client = @saved_cs_client */;

--
-- Dumping data for table `roles`
--

LOCK TABLES `roles` WRITE;
/*!40000 ALTER TABLE `roles` DISABLE KEYS */;
INSERT INTO `roles` VALUES (1,'Project manager','2021-04-17 18:29:32','2021-04-17 18:29:32'),(2,'Curator for software development','2021-04-17 18:29:32','2021-04-17 18:29:32'),(3,'Curator for analytics','2021-04-17 18:29:32','2021-04-17 18:29:32'),(4,'Curator for software testing','2021-04-17 18:29:32','2021-04-17 18:29:32'),(5,'Curator for product','2021-04-17 18:29:32','2021-04-17 18:29:32'),(6,'Curator for software certification','2021-04-17 18:29:32','2021-04-17 18:29:32'),(7,'Curator for development and testing','2021-04-17 18:29:32','2021-04-17 18:29:32');
/*!40000 ALTER TABLE `roles` ENABLE KEYS */;
UNLOCK TABLES;

--
-- Table structure for table `teams`
--

DROP TABLE IF EXISTS `teams`;
/*!40101 SET @saved_cs_client     = @@character_set_client */;
/*!50503 SET character_set_client = utf8mb4 */;
CREATE TABLE `teams` (
  `id` int unsigned NOT NULL AUTO_INCREMENT COMMENT 'Идентификатор отдела',
  `name` varchar(255) NOT NULL COMMENT 'Именование отдела',
  `lead_id` int unsigned NOT NULL COMMENT 'Тимлид отдела',
  `department_id` int unsigned NOT NULL COMMENT 'Ссылка на департамент',
  `created_at` datetime DEFAULT CURRENT_TIMESTAMP COMMENT 'Дата создания строки',
  `updated_at` datetime DEFAULT CURRENT_TIMESTAMP ON UPDATE CURRENT_TIMESTAMP COMMENT 'Дата обновления строки',
  PRIMARY KEY (`id`),
  KEY `teams_fk_lead` (`lead_id`),
  KEY `teams_fk_depatm_id` (`department_id`),
  CONSTRAINT `teams_fk_depatm_id` FOREIGN KEY (`department_id`) REFERENCES `departments` (`id`),
  CONSTRAINT `teams_fk_lead` FOREIGN KEY (`lead_id`) REFERENCES `employers` (`user_id`)
) ENGINE=InnoDB AUTO_INCREMENT=15 DEFAULT CHARSET=utf8mb4 COLLATE=utf8mb4_0900_ai_ci COMMENT='Таблица отделов (комнад) по департаментам';
/*!40101 SET character_set_client = @saved_cs_client */;

--
-- Dumping data for table `teams`
--

LOCK TABLES `teams` WRITE;
/*!40000 ALTER TABLE `teams` DISABLE KEYS */;
INSERT INTO `teams` VALUES (1,'Android/AndroidTV',12,1,'2021-04-18 10:46:05','2021-04-18 10:46:05'),(2,'iOS/tviOS',34,1,'2021-04-18 10:46:05','2021-04-18 10:46:05'),(3,'Automation',15,1,'2021-04-18 10:46:05','2021-04-18 10:46:05'),(4,'QA Team',49,1,'2021-04-18 10:46:05','2021-04-18 10:46:05'),(5,'Support Team',85,2,'2021-04-18 10:46:05','2021-04-18 10:46:05'),(6,'QA Team',126,2,'2021-04-18 10:46:05','2021-04-18 10:46:05'),(7,'Analytics and Design Team',173,2,'2021-04-18 10:46:05','2021-04-18 10:46:05'),(8,'SW Core Team',133,2,'2021-04-18 10:46:05','2021-04-18 10:46:05'),(9,'HW Integration Team',175,2,'2021-04-18 10:46:05','2021-04-18 10:46:05'),(10,'Services team - 1',107,3,'2021-04-18 10:46:05','2021-04-18 10:46:05'),(11,'Services team - 2',45,3,'2021-04-18 10:46:05','2021-04-18 10:46:05'),(12,'Frontend',91,3,'2021-04-18 10:46:05','2021-04-18 10:46:05'),(13,'Analysts Team',199,3,'2021-04-18 10:46:05','2021-04-18 10:46:05'),(14,'Design team',13,3,'2021-04-18 10:46:05','2021-04-18 10:46:05');
/*!40000 ALTER TABLE `teams` ENABLE KEYS */;
UNLOCK TABLES;

--
-- Table structure for table `user_statuses`
--

DROP TABLE IF EXISTS `user_statuses`;
/*!40101 SET @saved_cs_client     = @@character_set_client */;
/*!50503 SET character_set_client = utf8mb4 */;
CREATE TABLE `user_statuses` (
  `id` int unsigned NOT NULL AUTO_INCREMENT COMMENT 'Идентификатор статуса',
  `name` varchar(255) NOT NULL COMMENT 'Именование статуса',
  `created_at` datetime DEFAULT CURRENT_TIMESTAMP COMMENT 'Дата создания строки',
  `updated_at` datetime DEFAULT CURRENT_TIMESTAMP ON UPDATE CURRENT_TIMESTAMP COMMENT 'Дата обновления строки',
  PRIMARY KEY (`id`),
  UNIQUE KEY `name` (`name`)
) ENGINE=InnoDB AUTO_INCREMENT=8 DEFAULT CHARSET=utf8mb4 COLLATE=utf8mb4_0900_ai_ci COMMENT='Справочник статусов';
/*!40101 SET character_set_client = @saved_cs_client */;

--
-- Dumping data for table `user_statuses`
--

LOCK TABLES `user_statuses` WRITE;
/*!40000 ALTER TABLE `user_statuses` DISABLE KEYS */;
INSERT INTO `user_statuses` VALUES (1,'Vacation','2021-04-17 18:17:50','2021-04-17 18:17:50'),(2,'Sick leave','2021-04-17 18:17:50','2021-04-17 18:17:50'),(3,'Day off','2021-04-17 18:17:50','2021-04-17 18:17:50'),(4,'Maternity leave','2021-04-17 18:17:50','2021-04-17 18:17:50'),(5,'Donor day','2021-04-17 18:17:50','2021-04-17 18:17:50'),(6,'Business trip','2021-04-17 18:17:50','2021-04-17 18:17:50'),(7,'Training','2021-04-17 18:17:50','2021-04-17 18:17:50');
/*!40000 ALTER TABLE `user_statuses` ENABLE KEYS */;
UNLOCK TABLES;

--
-- Final view structure for view `depart_structure`
--

/*!50001 DROP VIEW IF EXISTS `depart_structure`*/;
/*!50001 SET @saved_cs_client          = @@character_set_client */;
/*!50001 SET @saved_cs_results         = @@character_set_results */;
/*!50001 SET @saved_col_connection     = @@collation_connection */;
/*!50001 SET character_set_client      = utf8mb4 */;
/*!50001 SET character_set_results     = utf8mb4 */;
/*!50001 SET collation_connection      = utf8mb4_0900_ai_ci */;
/*!50001 CREATE ALGORITHM=UNDEFINED */
/*!50013 DEFINER=`root`@`localhost` SQL SECURITY DEFINER */
/*!50001 VIEW `depart_structure` AS select `d`.`name` AS `Департамент`,group_concat(' ',`t`.`name` separator ',') AS `Отделы`,concat_ws(' ',`e`.`lastname`,`e`.`firstname`) AS `Директор` from ((`departments` `d` join `teams` `t` on((`t`.`department_id` = `d`.`id`))) left join `employers` `e` on((`e`.`user_id` = `d`.`director_id`))) group by `d`.`id` */;
/*!50001 SET character_set_client      = @saved_cs_client */;
/*!50001 SET character_set_results     = @saved_cs_results */;
/*!50001 SET collation_connection      = @saved_col_connection */;

--
-- Final view structure for view `employee_depart_list`
--

/*!50001 DROP VIEW IF EXISTS `employee_depart_list`*/;
/*!50001 SET @saved_cs_client          = @@character_set_client */;
/*!50001 SET @saved_cs_results         = @@character_set_results */;
/*!50001 SET @saved_col_connection     = @@collation_connection */;
/*!50001 SET character_set_client      = utf8mb4 */;
/*!50001 SET character_set_results     = utf8mb4 */;
/*!50001 SET collation_connection      = utf8mb4_0900_ai_ci */;
/*!50001 CREATE ALGORITHM=UNDEFINED */
/*!50013 DEFINER=`root`@`localhost` SQL SECURITY DEFINER */
/*!50001 VIEW `employee_depart_list` AS select `e`.`avatar` AS `Фото`,concat_ws(' ',`e`.`lastname`,`e`.`firstname`) AS `Имя, фамилия`,`e`.`email` AS `E-mail`,`p`.`name` AS `Должность`,`d`.`name` AS `Подразделение` from ((((`employers` `e` join `employee_position` `ep` on((`ep`.`user_id` = `e`.`user_id`))) join `positions` `p` on((`p`.`id` = `ep`.`position_id`))) left join `teams` `t` on((`ep`.`team_id` = `t`.`id`))) left join `departments` `d` on((((`d`.`id` = `t`.`department_id`) or (`d`.`id` = `ep`.`department_id`)) and (`ep`.`user_id` = `e`.`user_id`)))) order by `d`.`id` */;
/*!50001 SET character_set_client      = @saved_cs_client */;
/*!50001 SET character_set_results     = @saved_cs_results */;
/*!50001 SET collation_connection      = @saved_col_connection */;

--
-- Final view structure for view `project_list`
--

/*!50001 DROP VIEW IF EXISTS `project_list`*/;
/*!50001 SET @saved_cs_client          = @@character_set_client */;
/*!50001 SET @saved_cs_results         = @@character_set_results */;
/*!50001 SET @saved_col_connection     = @@collation_connection */;
/*!50001 SET character_set_client      = utf8mb4 */;
/*!50001 SET character_set_results     = utf8mb4 */;
/*!50001 SET collation_connection      = utf8mb4_0900_ai_ci */;
/*!50001 CREATE ALGORITHM=UNDEFINED */
/*!50013 DEFINER=`root`@`localhost` SQL SECURITY DEFINER */
/*!50001 VIEW `project_list` AS select `p`.`name` AS `Проект`,`ps`.`name` AS `Статус`,group_concat(' ',`e`.`firstname`,' ',`e`.`lastname` separator ',') AS `МП`,date_format(`p`.`start_date`,'%e %b %Y') AS `Начало`,date_format(`p`.`finish_date`,'%e %b %Y') AS `Конец`,group_concat(`pd`.`name` separator ',') AS `Продукты` from (((((`projects` `p` join `project_statuses` `ps` on((`ps`.`id` = `p`.`status_id`))) left join `projects_products` `pp` on((`pp`.`project_id` = `p`.`id`))) left join `products` `pd` on(((`pd`.`id` = `pp`.`product_id`) and (`pp`.`project_id` = `p`.`id`)))) left join `project_team` `pt` on(((`pt`.`project_id` = `p`.`id`) and (`pt`.`role_id` = 1)))) join `employers` `e` on((`e`.`user_id` = `pt`.`user_id`))) group by `p`.`id` */;
/*!50001 SET character_set_client      = @saved_cs_client */;
/*!50001 SET character_set_results     = @saved_cs_results */;
/*!50001 SET collation_connection      = @saved_col_connection */;
/*!40103 SET TIME_ZONE=@OLD_TIME_ZONE */;

/*!40101 SET SQL_MODE=@OLD_SQL_MODE */;
/*!40014 SET FOREIGN_KEY_CHECKS=@OLD_FOREIGN_KEY_CHECKS */;
/*!40014 SET UNIQUE_CHECKS=@OLD_UNIQUE_CHECKS */;
/*!40101 SET CHARACTER_SET_CLIENT=@OLD_CHARACTER_SET_CLIENT */;
/*!40101 SET CHARACTER_SET_RESULTS=@OLD_CHARACTER_SET_RESULTS */;
/*!40101 SET COLLATION_CONNECTION=@OLD_COLLATION_CONNECTION */;
/*!40111 SET SQL_NOTES=@OLD_SQL_NOTES */;

-- Dump completed on 2021-04-18 18:18:25
